{"spider":"https://gitee.com/lwlxh/tvhome/raw/master/pg.jar",
"sites":[
{
            "key": "js豆瓣1",
            "name": "🌈影视中心自动去广告",
            "type": 3,
            "api": "./lib/drpy2.min.js",
            "ext": "./lib/douban.js",
            "searchable": 0,
            "quickSearch": 0,
            "filterable": 0
        },
         {"key": "csp_XBPQ_6V",
  "name": "🌙健教4K",
  "type": 3,
  "api": "csp_XBPQ",
  "jar": "https://gitee.com/lwlxh/tvhome/raw/master/0606.jar",
  "searchable": 1,
  "quickSearch": 1,
  "filterable": 1,
  "ext":"./h/6v.json"} ,
        {
            "key": "纽约影视",
            "name": "🧿纽约┃蓝光?",
            "type": 3,
            "api": "csp_XBPQ",
            "jar": "https://gitee.com/lwlxh/tvhome/raw/master/o.jar",
            "searchable": 1,
            "quickSearch": 1,
            "filterable": 1,
            "ext": {
              "图片": "data-src=\"&&\"",
                "分类url": "https://www.nycvod.com/vodshow/1-----------/area/{area}/by/{by}/class/{class}/id/{cateId}/page/{catePg}/year/{year}.html",
                "分类": "电影$1#剧集$2#动漫$4#综艺$3#短剧$50#伦理剧$8"
            }
        },
        {
            "key": "看片影视",
            "name": "🧿狂人┃蓝光",
            "type": 3,
            "api": "csp_XBPQ",
            "jar": "https://gitee.com/lwlxh/tvhome/raw/master/o.jar",
            "searchable": 1,
            "quickSearch": 1,
            "filterable": 1,
            "ext": {
              "图片": "data-src=\"&&\"",
              "播放数组": "class=\"uk-margin-small\">&&</div>",
                "分类url": "https://www.kpkuang.sbs/vodshow/1-------------/area/{area}/by/{by}/class/{class}/id/{cateId}/page/{catePg}/year/{year}.html",
                "分类": "电影$1#剧集$2#动漫$4#综艺$3#短剧$37#伦理剧$26"
            }
        },
        {
            "key": "好看影视",
            "name": "🧿好看吧┃蓝光",
            "type": 3,
            "api": "csp_XBPQ",
            "jar": "https://gitee.com/lwlxh/tvhome/raw/master/o.jar",
            "searchable": 1,
            "quickSearch": 1,
            "filterable": 1,
            "ext": {
              "主页url": "https://www.hitv.app/",
    "导演": "导演：&&</div>",
    "主演": "主演：&&</div>",
    "影片状态": "备注：&&</div>",
    "影片类型": "module-info-tag\">&&立即播放",
    "搜索模式": "1",
    "搜索url": "https://www.hitv.app/search/-------------.html?wd={wd}",
    "搜索数组": "module-card-item-class\">&&</a>",
    "搜索标题": "alt=\"&&\"",
    "搜索副标题": "note\">&&</div>",
    "搜索图片": "data-original=\"&&\"",
    "搜索链接": "href=\"&&\"",
    "线路数组": "data-dropdown-value=&&</div>",
    "线路标题": "<span>&&</small>[替换:</span><small>>>共]+集",
    "分类url": "https://www.hitv.app/show/1-----------/area/{area}/by/{by}/class/{class}/id/{cateId}/page/{catePg}/year/{year}.html",
    "分类": "电影$1#电视剧$2#动漫$4#综艺$3#儿童$58#伦理$60"
            }
        },
        {
            "key": "云影视",
            "name": "🧿云播┃蓝光",
            "type": 3,
            "api": "csp_XBPQ",
            "jar": "https://gitee.com/lwlxh/tvhome/raw/master/o.jar",
            "searchable": 1,
            "quickSearch": 1,
            "filterable": 1,
            "ext": {
                "分类url": "https://xywkzs.com/show/{cateId}-{catePg}.html",
                "分类": "电影$dy#剧集$dianshi#动漫$donhmsn#综艺$zongyi#伦理剧$lunli"
            }
        },
        {
            "key": "17K影视",
            "name": "🧿17K┃蓝光",
            "type": 3,
            "api": "csp_XBPQ",
            "jar": "https://gitee.com/lwlxh/tvhome/raw/master/o.jar",
            "searchable": 1,
            "quickSearch": 1,
            "filterable": 1,
            "ext": {
                "分类url": "https://17k.me/vodshow/1-----------/area/{area}/by/{by}/class/{class}/id/{cateId}/page/{catePg}/year/{year}.html",
                "分类": "电影$1#剧集$2#动漫$3#综艺$4#伦理剧$53"
            }
        },
         {
            "key": "时光影视",
            "name": "🧿时光┃蓝光?",
            "type": 3,
            "api": "csp_XBPQ",
             "jar": "https://gitee.com/lwlxh/tvhome/raw/master/o.jar",
            "searchable": 1,
            "quickSearch": 1,
            "filterable": 1,
            "ext": {
                "分类url": "https://www.time-chicken.com/vod/show/id/{cateId}/area/{area}/by/{by}/class/{class}/page/{catePg}/year/{year}.html",
                "分类": "电影$1#电视剧$2#动漫$3#综艺$4#伦理$17"
            }
        },
        {
            "key": "雪梨影视",
            "name": "🧿雪梨┃蓝光",
            "type": 3,
            "api": "csp_XBPQ",
            "jar": "https://gitee.com/lwlxh/tvhome/raw/master/o.jar",
            "searchable": 1,
            "quickSearch": 1,
            "filterable": 1,
            "ext": {
                "分类url": "https://www.7z5.net/vodshow/1-----------/area/{area}/by/{by}/class/{class}/id/{cateId}/page/{catePg}/year/{year}.html",
                "分类": "电影$1#剧集$2#动漫$4#伦理剧$37"
            }
        },
         {
            "key": "68影视",
            "name": "🧿68┃蓝光",
            "type": 3,
            "api": "csp_XBPQ",
            "jar": "https://gitee.com/lwlxh/tvhome/raw/master/o.jar",
            "searchable": 1,
            "quickSearch": 1,
            "filterable": 1,
            "ext": {
                "分类url": "https://www.jnyanyi.com/vodshow/1-----------/area/{area}/by/{by}/class/{class}/id/{cateId}/page/{catePg}/year/{year}.html",
                "分类": "电影$1#剧集$2#动漫$4#综艺$3#伦理片$33"
            }
        },
        {
            "key": "龛影影视",
            "name": "🧿看影┃蓝光",
            "type": 3,
            "api": "csp_XBPQ",
            "jar": "https://gitee.com/lwlxh/tvhome/raw/master/o.jar",
            "searchable": 1,
            "quickSearch": 1,
            "filterable": 1,
            "ext": {
                "分类url": "https://www.kanying.me/menu/1/area/{area}/by/{by}/class/{class}/id/{cateId}/page/{catePg}/year/{year}",
                "分类": "电影$1#剧集$2#动漫$4#综艺$3#伦理剧$14"
            }
        },
         {
            "key": "星空影视",
            "name": "🧿星空┃蓝光",
            "type": 3,
            "api": "csp_XBPQ",
            "jar": "https://gitee.com/lwlxh/tvhome/raw/master/o.jar",
            "searchable": 1,
            "quickSearch": 1,
            "filterable": 1,
            "ext": {
                "分类url": "https://www.xingkong123.com/xktype/1/area/{area}/by/{by}/class/{class}/id/{cateId}/page/{catePg}/year/{year}",
                "分类": "电影$1#剧集$2#动漫$4#综艺$3#伦理剧$20"
            }
        },
        {
            "key": "兵工厂影视",
            "name": "🧿兵工厂┃蓝光",
            "type": 3,
            "api": "csp_XBPQ",
            "jar": "https://gitee.com/lwlxh/tvhome/raw/master/o.jar",
            "searchable": 1,
            "quickSearch": 1,
            "filterable": 1,
            "ext": {
                "分类url": "http://www.yaohuatgb.com/zixun/1/area/{area}/by/{by}/class/{class}/id/{cateId}/page/{catePg}/year/{year}.html",
                "分类": "电影$1#剧集$2#动漫$4#综艺$3#短剧$30#伦理$36"
            }
        },
        {
            "key": "sm影视",
            "name": "🧿神马┃蓝光",
            "type": 3,
            "api": "csp_XBPQ",
            "jar": "https://gitee.com/lwlxh/tvhome/raw/master/o.jar",
            "searchable": 1,
            "quickSearch": 1,
            "filterable": 1,
            "ext": {
              "播放组数": "module-blocklist&&</div>",
                "分类url": "https://www.jskji.com/sh/1-----------/area/{area}/by/{by}/class/{class}/id/{cateId}/page/{catePg}/year/{year}.html",
                "分类": "电影$1#剧集$2#动漫$4#综艺$3#伦理$41"
            }
        },
        {
            "key": "XIAN影视",
            "name": "🧿XIAN┃蓝光",
            "type": 3,
            "api": "csp_XBPQ",
            "jar": "https://gitee.com/kongkong1982/dy/raw/main/lib/tvkj.jar",
            "searchable": 1,
            "quickSearch": 1,
            "filterable": 1,
            "ext": {
                "分类url": "https://www.xinanzx.com/xinanzxlist/1/area/{area}/by/{by}/class/{class}/id/{cateId}/page/{catePg}/year/{year}.html",
                "分类": "电影$1#剧集$2#动漫$4#综艺$3#伦理剧$23"
            }
        },
         {
            "key": "优美影视",
            "name": "🧿优美┃蓝光",
            "type": 3,
            "api": "csp_XBPQ",
            "jar": "https://gitee.com/lwlxh/tvhome/raw/master/o.jar",
            "searchable": 1,
            "quickSearch": 1,
            "filterable": 1,
            "ext": {
                "分类url": "https://6237mns.hhhow.com/zixun/1/area/{area}/by/{by}/class/{class}/id/{cateId}/page/{catePg}/year/{year}.html",
                "分类": "电影$1#剧集$2#动漫$4#综艺$3#伦理剧$36"
            }
        },
        {
            "key": "好剧影视",
            "name": "🧿好剧┃蓝光",
            "type": 3,
            "api": "csp_XBPQ",
            "jar": "https://gitee.com/lwlxh/tvhome/raw/master/o.jar",
            "searchable": 1,
            "quickSearch": 1,
            "filterable": 1,
            "ext": {
                "分类url": "http://plbzt.com/lists/1/area/{area}/by/{by}/class/{class}/id/{cateId}/page/{catePg}/year/{year}.html",
                "分类": "电影$1#剧集$2#动漫$4#综艺$3#伦理$30"
            }
        },
        {
            "key": "余思影视",
            "name": "🧿余思┃蓝光",
            "type": 3,
            "api": "csp_XBPQ",
            "jar": "https://gitee.com/lwlxh/tvhome/raw/master/o.jar",
            "searchable": 1,
            "quickSearch": 1,
            "filterable": 1,
            "ext": {
                "分类url": "http://yu.hantujiuyuan.com/vodgroup/1/area/{area}/by/{by}/class/{class}/id/{cateId}/page/{catePg}/year/{year}.html",
                "分类": "电影$1#剧集$2#动漫$4#综艺$3#伦理剧$16"
            }
        },
         {
            "key": "糯米影视",
            "name": "🧿糯米电信┃蓝光",
            "type": 3,
            "api": "csp_XBPQ",
            "jar": "https://gitee.com/lwlxh/tvhome/raw/master/o.jar",
            "searchable": 1,
            "quickSearch": 1,
            "filterable": 1,
            "ext": {
                "分类url": "https://www.cchuili.com/vodshow/1-----------/area/{area}/by/{by}/class/{class}/id/{cateId}/page/{catePg}/year/{year}.html",
                "分类": "电影$1#剧集$2#动漫$4#综艺$3#伦理片$33"
            }
        },
        {
            "key": "皮皮虾影视",
            "name": "🧿皮皮虾┃蓝光",
            "type": 3,
            "api": "csp_XBPQ",
             "jar": "https://gitee.com/lwlxh/tvhome/raw/master/o.jar",
            "searchable": 1,
            "quickSearch": 1,
            "filterable": 1,
            "ext": {
                "简介": "请勿相信影片中的广告，以免上当受骗。+<div class=\"col-pd text-collapse content&&</div>",
                "分类url": "https://ygg01.com/vodshow/1-----------/area/{area}/by/{by}/class/{class}/id/{cateId}/page/{catePg}/year/{year}.html",
                "分类": "电影$1#电视剧$2#动漫$4#综艺$3#短剧$5"
            }
        },
         {
            "key": "稀影视",
            "name": "🧿猫眼┃蓝光",
            "type": 3,
            "api": "csp_XBPQ",
            "jar": "https://gitee.com/lwlxh/tvhome/raw/master/o.jar",
            "quickSearch": 1,
            "filterable": 1,
            "ext": {
                "分类url": "https://maoyan8.xyz/index.php/vod/show/id/{cateId}/area/{area}/by/{by}/class/{class}/page/{catePg}/year/{year}.html",
                "分类": "电影$20#连续剧$38#动漫$56#综艺$49"
            }
        },
        {"key":"可可影视","name":"🧿可可┃影视","type":3,"api":"csp_XBPQ","jar": "https://gitee.com/lwlxh/tvhome/raw/master/o.jar","ext":{"线路数组":"source-item\">&&</a>","图片": "data-src=\"&&\"","分类url":"https://www.keke2.app/show/{cateId}-{class}-{area}--{year}-3-{catePg}.html","分类":"电视剧$2#电影$1#动漫$3#综艺$4#短剧$6"}},
         {
            "key": "kankan影视",
            "name": "🧿看看屋┃蓝光",
            "type": 3,
            "api": "csp_XBPQ",
            "jar": "https://gitee.com/lwlxh/tvhome/raw/master/o.jar",
            "searchable": 1,
            "quickSearch": 1,
            "filterable": 1,
            "ext": { 
                "分类url": "https://www.tl39.com/vodshow/1-----------/area/{area}/by/{by}/class/{class}/id/{cateId}/page/{catePg}/year/{year}.html",
                "分类": "电影$1#连续剧$2#动漫$4#综艺$3#伦理$35"
            }
        },
        {
      "key": "花姐影院",
      "name": "花姐┃影视",
      "type": 3,
      "api": "csp_XBPQ",
      "jar": "https://gitee.com/lwlxh/tvhome/raw/master/o.jar",
      "searchable": 1,
      "quickSearch": 1,
      "filterable": 1,
      "ext": {
        "数组": "fed-lazy&&</a>",
        "副标题": "fed-text-center\">&&</span",
        "简介": "fed-matp-v\">&&</div",
        "线路数组": "href=\"\\#playlist&&</li>",
        "线路标题": "</i>&&</a>",
        "播放数组": "<ul class=\"myui-content__list&&</ul",
        "跳转播放链接": "var now=\"&&\"",
        "搜索url": "https://www.huajie2.com/search.php?page={pg}&searchword={wd}&searchtype=",
        "分类url": "https://www.huajie2.com/search.php?page={catePg}&searchtype=5&order={by}&tid={cateId}&area={area}&year={year}&letter=&yuyan={lang}&state=&money=&ver=&jq=",
        "分类": "电视剧&电影&综艺&动漫",
        "分类值": "2&1&3&4"
      }
    },
        {
      "key": "xbpq_高清剧场",
      "name": "高清┃影视",
      "type": 3,
      "api": "csp_XBPQ",
      "jar": "https://gitee.com/lwlxh/tvhome/raw/master/o.jar",
      "ext": {
        "分类url": "https://www.ikanbd.com/s/{cateId}-{area}-{by}------{catePg}---{year}.html",
        "分类": "电影$movie#连续剧$series#动漫$anime#综艺$variety#动画片$animation#纪录片$documentary#电影解说$jieshuo#网络短剧$skit#体育$sports",
        "嗅探词": ".m3u8#.m3u8?#v3.huoshanvod.com#v3-dy-o.zjcdn#sf16-sg.larksuitecdn.com#v.kd1.qq.com#.mp4#video_mp4",
        "过滤词": "/hls/#php"
      }
    },
        {
      "key": "iysdq",
      "name": "影院┃影视",
      "type": 3,
      "api": "csp_XBPQ",
      "jar": "https://gitee.com/lwlxh/tvhome/raw/master/o.jar",
      "searchable": 1,
      "quickSearch": 1,
      "filterable": 1,
      "ext": {
        "分类url": "https://www.iysdq.cc/vodtype/1/area/{area}/by/{by}/class/{class}/id/{cateId}/page/{catePg}/year/{year}.html",
        "分类": "电影$1#电视剧$2#动漫$4#综艺$3#短剧$5"
      }
    },
         {
      "key": "csp_河马",
      "name": "河马┃影视",
      "type": 3,
      "api": "csp_XBPQ",
      "jar": "https://gitee.com/lwlxh/tvhome/raw/master/o.jar",
      "searchable": 1,
      "quickSearch": 1,
      "filterable": 1,
      "ext": {
        "分类url": "https://www.hemahd.com/tags/{cateId}-{area}-------{catePg}---{year}.html",
        "分类": "电影&电视剧&动漫&综艺&伦理",
        "分类值": "1&2&3&4&28"
      }
    },
        {
      "key": "csp_大海",
      "name": "🧿┃大海┃秒播",
      "type": 3,
      "api": "csp_XBPQ",
      "jar": "https://gitee.com/lwlxh/tvhome/raw/master/o.jar",
      "searchable": 1,
      "quickSearch": 1,
      "filterable": 1,
      "ext": {
        "分类url": "https://www.hemahd.com/tags/{cateId}-{area}-------{catePg}---{year}.html",
        "分类": "电影&电视剧&动漫&综艺&私密",
        "分类值": "1&2&3&4&28"
      }
    },
         {
            "key": "胖虎影视",
            "name": "🧿胖虎┃蓝光",
            "type": 3,
            "api": "csp_XBPQ",
             "jar": "https://gitee.com/lwlxh/tvhome/raw/master/o.jar",
            "searchable": 1,
            "quickSearch": 1,
            "filterable": 1,
            "ext": {
                "简介": "请勿相信影片中的广告，以免上当受骗。+<div class=\"col-pd text-collapse content&&</div>",
                "分类url": "https://www.mgtv.fun/index.php/vod/show/id/{cateId}/area/{area}/by/{by}/class/{class}/page/{catePg}/year/{year}.html",
                "分类": "电影$1#电视剧$2#动漫$4#综艺$3#伦理$5"
            }
        },
         {
            "key": "狐狸影视",
            "name": "🧿红狐狸┃蓝光",
            "type": 3,
            "api": "csp_XBPQ",
             "jar": "https://gitee.com/lwlxh/tvhome/raw/master/o.jar",
            "searchable": 1,
            "quickSearch": 1,
            "filterable": 1,
            "ext": {
                "分类url": "https://honghuli.com/leibiao/{cateId}-{area}-------{catePg}---{year}.html",
                "分类": "电影$1#电视剧$2#动漫$4#综艺$3"
            }
        },
        {
            "key": "单据影视",
            "name": "🧿蛋蛋剧┃蓝光",
            "type": 3,
            "api": "csp_XBPQ",
             "jar": "https://gitee.com/lwlxh/tvhome/raw/master/o.jar",
            "searchable": 1,
            "quickSearch": 1,
            "filterable": 1,
            "ext": {
                "分类url": "https://www.ddjhd.com/type/1/area/{area}/by/{by}/class/{class}/id/{cateId}/page/{catePg}/year/{year}.html",
                "分类": "电影$1#电视剧$2#动漫$3#综艺$4"
            }
        },
        {
            "key": "魔法影视",
            "name": "🧿魔法┃蓝光",
            "type": 3,
            "api": "csp_XBPQ",
             "jar": "https://gitee.com/lwlxh/tvhome/raw/master/o.jar",
            "searchable": 1,
            "quickSearch": 1,
            "filterable": 1,
            "ext": {
              "图片": "data-src=\"&&\"",
                "简介": "请勿相信影片中的广告，以免上当受骗。+<div class=\"col-pd text-collapse content&&</div>",
                "分类url": "https://ddmf.net/vodshow/1-----------/area/{area}/by/{by}/class/{class}/id/{cateId}/page/{catePg}/year/{year}.html",
                "分类": "电影$1#电视剧$2#动漫$4#综艺$3#伦理$5"
            }
        },
        {
            "key": "沙雕圈影视",
            "name": "🧿沙雕联通┃蓝光",
            "type": 3,
            "api": "csp_XBPQ",
             "jar": "https://gitee.com/lwlxh/tvhome/raw/master/o.jar",
            "searchable": 1,
            "quickSearch": 1,
            "filterable": 1,
            "ext": {
                "分类url": "https://shadiao8.com/vod/show/id/{cateId}/area/{area}/by/{by}/class/{class}/page/{catePg}/year/{year}.html",
                "分类": "电影$1#电视剧$2#动漫$3#综艺$4"
            }
        },
        {
            "key": "稀饭影视",
            "name": "🧿1817┃蓝光",
            "type": 3,
            "api": "csp_XBPQ",
            "jar": "https://gitee.com/lwlxh/tvhome/raw/master/o.jar",
            "searchable": 1,
            "quickSearch": 1,
            "filterable": 1,
            "ext": {
                "分类url": "https://sn1817.com/vodshow/1-----------/area/{area}/by/{by}/class/{class}/id/{cateId}/page/{catePg}/year/{year}.html",
                "分类": "电影$1#连续剧$2#动漫$3#综艺$4"
            }
        },
        {
            "key": "爱看",
            "name": "🧿爱看?┃蓝光",
            "type": 3,
            "api": "csp_XBPQ",
            "jar": "https://gitee.com/lwlxh/tvhome/raw/master/o.jar",
            "searchable": 1,
            "quickSearch": 1,
            "filterable": 1,
            "ext": {
                "线路数组": "data-dropdown-value=&&</div>",
                "线路标题": "<span>&&</span>",
                "嗅探词": "v3-cha.toutiaovod.com#www.alim3u8.meijuzj.vip#.m3u8#.mp4",
                "影片年代": "<div class=\"module-info-tag\">&&</div>",
                "影片地区": "圥忈制作",
                "影片状态": "备注：&&</div>",
                "影片类型": "module-info-tag\">&&立即播放",
                "简介": "请勿相信影片中的广告，以免上当受骗。+<p>&&</p>",
                "图片": "data-src=\"&&\"",
                "分类url": "https://www.akysw.pro/vodshow/1-----------/area/{area}/by/{by}/class/{class}/id/{cateId}/page/{catePg}/year/{year}.html",
                "分类": "电影$1#剧集$2#港台剧$14#日韩剧$15#美剧$16#动漫$4#综艺$3#短剧$20#伦理剧$21"
            }
        },
     {
            "key": "爱优影视",
            "name": "🧿爱优┃蓝光",
            "type": 3,
            "api": "csp_XBPQ",
             "jar": "https://gitee.com/lwlxh/tvhome/raw/master/o.jar",
            "searchable": 1,
            "quickSearch": 1,
            "filterable": 1,
            "ext": {
              "主页url": "https://www.dami6fy.wiki/index/home.html",
                "影片地区": "圥忈制作",
                "影片年代": "<div class=\"module-info-tag\">&&</div>",
                "影片状态": "备注：&&</div>",
                "影片类型": "module-info-tag\">&&立即播放",
                "简介": "请勿相信影片中的广告，以免上当受骗。+style=\"line-height: 20px;\"&&</div>",
                "线路数组": "data-dropdown-value=&&</div>",
                "线路标题": "<span>&&</span>",
                "图片": "data-src=\"&&\"",
                "分类url": "https://www.dami6fy.wiki/vodshow/1-----------/area/{area}/by/{by}/class/{class}/id/{cateId}/page/{catePg}/year/{year}.html",
                "分类": "电影$20#电视剧$21#动漫$22#综艺$23#伦理$35"
            }
        },
        {
            "key": "水牛影视",
            "name": "🧿水牛┃蓝光",
            "type": 3,
            "api": "csp_XBPQ",
             "jar": "https://gitee.com/lwlxh/tvhome/raw/master/o.jar",
            "searchable": 1,
            "quickSearch": 1,
            "filterable": 1,
            "ext": {
                "简介": "请勿相信影片中的广告，以免上当受骗。+<div class=\"col-pd text-collapse content&&</div>",
                "分类url": "https://www.cdqyg.com/vodtype/1/area/{area}/by/{by}/class/{class}/id/{cateId}/page/{catePg}/year/{year}.html",
                "分类": "电影$1#电视剧$2#动漫$4#综艺$3#私密$20"
            }
        },
    {
            "key": "片影视",
            "name": "🧿片┃蓝光",
            "type": 3,
            "api": "csp_XBPQ",
            "jar": "https://gitee.com/lwlxh/tvhome/raw/master/o.jar",
            "searchable": 1,
            "quickSearch": 1,
            "filterable": 1,
            "ext": {
                "分类url": "https://0996zp.com/vod/show/id/{cateId}/area/{area}/by/{by}/class/{class}/page/{catePg}/year/{year}",
                "分类": "电影$1#连续剧$2#动漫$4#综艺$3"
            }
        },
 {
            "key": "影视",
            "name": "🧿80先生┃蓝光",
            "type": 3,
            "api": "csp_XBPQ",
            "jar": "https://gitee.com/lwlxh/tvhome/raw/master/o.jar",
            "searchable": 1,
            "quickSearch": 1,
            "filterable": 1,
            "ext": {
                "分类url": "https://www.hd8090.cc/fl/1-----------/area/{area}/by/{by}/class/{class}/id/{cateId}/page/{catePg}/year/{year}.html",
                "分类": "电影$1#连续剧$2#动漫$3#综艺$5#伦理$22"
            }
        },
        {
            "key": "8影视",
            "name": "🧿88先生┃蓝光",
            "type": 3,
            "api": "csp_XBPQ",
            "jar": "https://gitee.com/lwlxh/tvhome/raw/master/o.jar",
            "searchable": 1,
            "quickSearch": 1,
            "filterable": 1,
            "ext": {
                "分类url": "https://www.88tv.net/type/1-----------/area/{area}/by/{by}/class/{class}/id/{cateId}/page/{catePg}/year/{year}",
                "分类": "电影$dy#连续剧$dsj#动漫$dm"
            }
        },
         {
            "key": "片库影视",
            "name": "🧿片库┃蓝光",
            "type": 3,
            "api": "csp_XBPQ",
             "jar": "https://gitee.com/lwlxh/tvhome/raw/master/o.jar",
            "searchable": 1,
            "quickSearch": 1,
            "filterable": 1,
            "ext": {
                "简介": "请勿相信影片中的广告，以免上当受骗。+<div class=\"col-pd text-collapse content&&</div>",
                "分类url": "https://www.pkcom.cc/vodshow/1-----------/area/{area}/by/{by}/class/{class}/id/{cateId}/page/{catePg}/year/{year}.html",
                "分类": "电影$1#电视剧$2#动漫$4#综艺$3"
            }
        },
        {
            "key": "华人影视",
            "name": "🧿华人┃蓝光",
            "type": 3,
            "api": "csp_XBPQ",
             "jar": "https://gitee.com/lwlxh/tvhome/raw/master/o.jar",
            "searchable": 1,
            "quickSearch": 1,
            "filterable": 1,
            "ext": {
                "简介": "请勿相信影片中的广告，以免上当受骗。+<div class=\"col-pd text-collapse content&&</div>",
                "分类url": "https://www.wangfei.la/vod-show-/id/{cateId}/area/{area}/by/{by}/class/{class}/page/{catePg}/year/{year}.html",
                "分类": "电影$3#电视剧$1#动漫$2#综艺$4#剧情$21"
            }
        },
         {
            "key": "8视",
            "name": "🧿飘花┃蓝光",
            "type": 3,
            "api": "csp_XBPQ",
            "jar": "https://gitee.com/lwlxh/tvhome/raw/master/o.jar",
            "searchable": 1,
            "quickSearch": 1,
            "filterable": 1,
            "ext": {
               "影片地区": "圥忈制作",
                "影片年代": "<div class=\"module-info-tag\">&&</div>",
                "影片状态": "备注：&&</div>",
                "影片类型": "module-info-tag\">&&立即播放",
                "简介": "请勿相信影片中的广告，以免上当受骗。+style=\"line-height: 20px;\"&&</div>",
                "线路数组": "data-dropdown-value=&&</div>",
                "线路标题": "<span>&&</span>",
                "分类url": "https://www.phdy2.cc/h/1/area/{area}/by/{by}/class/{class}/id/{cateId}/page/{catePg}/year/{year}",
                "分类": "电影$dy#连续剧$dsj#综艺$zy#动漫$dm#伦理$fl"
            }
        },
         {
            "key": "322影视",
            "name": "🧿瓜瓜?┃蓝光",
            "type": 3,
            "api": "csp_XBPQ",
             "jar": "https://gitee.com/lwlxh/tvhome/raw/master/o.jar",
            "searchable": 1,
            "quickSearch": 1,
            "filterable": 1,
            "ext": {
                "简介": "请勿相信影片中的广告，以免上当受骗。+<div class=\"col-pd text-collapse content&&</div>",
                "分类url": "https://www.qpgyy5.net/type/1/area/{area}/by/{by}/class/{class}/id/{cateId}/page/{catePg}/year/{year}.html",
                "分类": "电影$1#电视剧$2#动漫$4#综艺$3"
            }
        },
         {
            "key": "nm影视",
            "name": "🧿一号┃蓝光",
            "type": 3,
            "api": "csp_XBPQ",
             "jar": "https://gitee.com/lwlxh/tvhome/raw/master/o.jar",
            "searchable": 1,
            "quickSearch": 1,
            "filterable": 1,
            "ext": {
                "影片地区": "圥忈制作",
                "影片年代": "<div class=\"module-info-tag\">&&</div>",
                "影片状态": "备注：&&</div>",
                "影片类型": "module-info-tag\">&&立即播放",
                "简介": "请勿相信影片中的广告，以免上当受骗。+style=\"line-height: 20px;\"&&</div>",
                "线路数组": "data-dropdown-value=&&</div>",
                "线路标题": "<span>&&</span>",
                "分类url": "https://www.1haotu.com/zixun/1/area/{area}/by/{by}/class/{class}/id/{cateId}/page/{catePg}/year/{year}.html",
                "分类": "电影$1#电视剧$2#动漫$4#综艺$3"
            }
        },
        {
            "key": "fei影视",
            "name": "🧿feifei┃蓝光",
            "type": 3,
            "api": "csp_XBPQ",
             "jar": "https://gitee.com/lwlxh/tvhome/raw/master/o.jar",
            "searchable": 1,
            "quickSearch": 1,
            "filterable": 1,
            "ext": {
                "影片地区": "圥忈制作",
                "影片年代": "<div class=\"module-info-tag\">&&</div>",
                "影片状态": "备注：&&</div>",
                "影片类型": "module-info-tag\">&&立即播放",
                "简介": "请勿相信影片中的广告，以免上当受骗。+style=\"line-height: 20px;\"&&</div>",
                "线路数组": "data-dropdown-value=&&</div>",
                "线路标题": "<span>&&</span>",
                "图片": "data-src=\"&&\"",
                "分类url": "https://www.ncat2.com/show/{cateId}-{class}-{area}--{year}-2-{catePg}.html",
                "分类": "电影$1#电视剧$2#动漫$3#综艺$4#短剧$6"
            }
        },
        {
            "key": "西海影视",
            "name": "🧿四海┃蓝光",
            "type": 3,
            "api": "csp_XBPQ",
             "jar": "https://gitee.com/lwlxh/tvhome/raw/master/o.jar",
            "searchable": 1,
            "quickSearch": 1,
            "filterable": 1,
            "ext": {
                 "影片地区": "圥忈制作",
                "影片年代": "<div class=\"module-info-tag\">&&</div>",
                "影片状态": "备注：&&</div>",
                "影片类型": "module-info-tag\">&&立即播放",
                "简介": "请勿相信影片中的广告，以免上当受骗。+style=\"line-height: 20px;\"&&</div>",
                "线路数组": "data-dropdown-value=&&</div>",
                "线路标题": "<span>&&</span>",
                "分类url": "http://www.tszhongteng.com/vodshow/1-----------/area/{area}/by/{by}/class/{class}/id/{cateId}/page/{catePg}/year/{year}.html",
                "分类": "电影$1#电视剧$2#动漫$4#综艺$3#短剧$35"
            }
        },
        {
            "key": "宝贝影视",
            "name": "🧿贝贝┃蓝光",
            "type": 3,
            "api": "csp_XBPQ",
            "jar": "https://gitee.com/lwlxh/tvhome/raw/master/o.jar",
            "searchable": 1,
            "quickSearch": 1,
            "filterable": 1,
            "ext": {
              "规则名": "短剧屋",
    "规则作者": "",
    "请求头参数": "手机",
    "网页编码格式": "UTF-8",
    "图片是否需要代理": "0",
    "是否开启获取首页数据": "1",
              "主页url":"http://niersi-ceramics.com/",
                "分类url": "http://niersi-ceramics.com/vodshow/1-----------/area/{area}/by/{by}/class/{class}/id/{cateId}/page/{catePg}/year/{year}.html",
                "分类": "电影$1#连续剧$2#动漫$4#综艺$3"
            }
        },
         {
            "key": "光棍影视",
            "name": "🧿光棍┃蓝光",
            "type": 3,
            "api": "csp_XBPQ",
             "jar": "https://gitee.com/lwlxh/tvhome/raw/master/o.jar",
            "searchable": 1,
            "quickSearch": 1,
            "filterable": 1,
            "ext": {
                "分类url": "https://www.ggdy.net/class/{cateId}-{catePg}.html",
                "分类": "电影$1#电视剧$2#动漫$4#综艺$3#剧情$11"
            }
        },
         {
            "key": "四个圈影视",
            "name": "🧿四圈┃蓝光",
            "type": 3,
            "api": "csp_XBPQ",
             "jar": "https://gitee.com/lwlxh/tvhome/raw/master/o.jar",
            "searchable": 1,
            "quickSearch": 1,
            "filterable": 1,
            "ext": {
                "分类url": "https://tdgo.shop/vodshow/1-----------/area/{area}/by/{by}/class/{class}/id/{cateId}/page/{catePg}/year/{year}.html",
                "分类": "电影$20#电视剧$21#动漫$22#综艺$23"
            }
        },
        {
            "key": "奥卡",
            "name": "🚀奥卡",
            "type": 1,
            "api": "https://aosikazy.com/api.php/provide/vod/",
            "searchable": 1,
            "quickSearch": 1,
            "filterable": 1
        },
        {
            "key": "四虎",
            "name": "🔞四虎影院",
            "type": 3,
            "api": "csp_XBPQ",
      "jar":"https://py.nxog.eu.org/https://raw.githubusercontent.com/guot55/yg/main/jar/hl.jar",
            "playerType": 2,
            "searchable": 1,
            "quickSearch": 1,
            "filterable": 1,
            "ext": {
                "站名": "四虎影院",
                "主页url": "https://www.b96a.com/movie/wuma/",
                "简介": "名称：&&</h3>",
                "数组": "img class=\"nature&&</dl>",
                "二次截取": "",
                "图片": "data-original=\"&&.txt\"+.jpg",
                "标题": "Base64((d('&&'));</script>",
                "副标题": "",
                "链接": "href=\"&&\"",
                "线路数组": "target=\"_blank&&</a[排序:线路二>>]",
                "线路标题": "Base64(d('&&'));</script>",
                "播放数组": "item&&</div>",
                "状态": "分类：</span>&&</p>",
                "导演": "导演：</span>&&</p>",
                "主演": "主演：</span>&&</p>",
                "搜索模式": "1",
                "搜索url": "https://www.b96a.com/searchs/index.php?page={pg}&keyboard={wd}&classid=0",
                "搜索数组": "<dt>&&</dt>",
                "搜索标题": "_blank\"&&<",
                "分类": "国产$video#自拍$video/zipai#淫妻作乐$video/fuqi#开放青年$video/kaifang#精品分享$video/jingpin#台湾辣妹$video/twmn#动漫卡通$video/dongman#经典三级$video/sanji#onlyfans主播$onlyfans#女优$av#女性向纯爱$av/nxx#GIGA女战士$av/giga#波多野结衣$av/bdyjy#深田咏美$av/stym#桥本有菜$av/qbyc#苍井空$av/cjk#三上悠亚$av/ssyy#吉泽明步$av/jzmb#无码中字$movie/wuma#SM系列$movie/sm#高清无码$movie/gaoqing#熟女人妻$movie/shunv#美颜巨乳$movie/meiyan#丝袜制服$movie/siwa#中文有码$movie/youma#欧美系列$movie/oumei",
                "分类url": "https://www.b96a.com/{cateId}/{class}/index_{catePg}.html[firstPage=https://www.b96a.com/{cateId}/{class}/]"
            }
        },
       {
            "key": "csp_XYBQ",
            "name": "🔞比卡|比卡",
            "type": 3,
            "api": "csp_XBPQ",
             "jar": "https://py.nxog.eu.org/https://raw.githubusercontent.com/guot55/yg/main/jar/hl.jar",
            "searchable": 1,
            "quickSearch": 1,
            "filterable": 1,
            "ext": "https://py.nxog.eu.org/https://raw.githubusercontent.com/guot55/yg/main/h/比卡比卡.json"
        },
{"key":"csp_XBPQ_花心小妞","name":"🔞花心小妞","type":3,"api":"csp_XBPQ", "jar": "https://py.nxog.eu.org/https://raw.githubusercontent.com/guot55/yg/main/jar/hl.jar","searchable":1,"quickSearch":1,"filterable":1, "ext":{"发布地址":"hxxn6a.top","请求头":"手机","站名":"花心小妞","主页url":"https://hxxn9a.top/gbook/?shouye","直接播放":"1","数组":"stui-vodlist__box&&</li>","标题":"title=\"&&\"","图片":"data-original=\"&&\"","副标题":"<p>&&</p >","链接":"https://hxxn9a.top/vodplay/+href=\"/voddetail/&&.html\"+-1-1.html","线路数组":"layui-btn-normal play-btn&&</a >","播放数组":"group-box bg-card&&</div>","免嗅":"1","搜索url":"https://hxxn9a.top/vodsearch/{wd}----------{pg}---.html","分类url":"https://hxxn9a.top/vodshow/{cateId}--------{catePg}---.html","分类数组":"<li&&</li>","分类标题":">&&</a >","分类": "无码中文$144#强奸中文$145#巨乳中文$146#乱伦中文$147#制服中文$148#人妻中文$149#调教中文$150#出轨中文$151#约炮探花$212#91大神$214#极品学妹$215#国产视频$216#女忧明星$52#麻豆视频$21#蜜桃传媒$24#星空传媒$26#精东影业$27#乌鸦传媒$29#迷你传媒$33#大象传媒$34#开心传媒$35"}}, 
{
      "key": "糖心",
      "name": "🔞糖心次元",
      "type": 3,
      "api": "csp_XBPQ",
      "jar":"https://py.nxog.eu.org/https://raw.githubusercontent.com/guot55/yg/main/jar/hl.jar",
      "style": {"ratio": 1.7},
      "ext": {
        "数组":"<section&&</section",
        "副标题": "添加时间:&&</span>",
        "嗅探词": "cdn2020.com#m3u8",
        "分类url":"http://www.txcyeat.buzz/index.php/vodtype/{cateId}-{catePg}.html;;z",
        "分类": "国产片商$32#节目企划$3#代理节目$2#麻豆原创$1#导演系列$5#MDS系列$6#MDX系列$7#MD系列$4#MDXS系列$8#兔子先生$10#大鸟十八$17#疯拍系列$18#KISS糖果屋$19#小鹏奇啪行$20#30天解密麻豆$22#突袭女优计划$23#女神羞羞研究所$24#小哥哥艾理$27#情趣K歌房$31#淫欲游戏王$40#麻豆不回家$41#叮叮映画$71#涩会$72#豚豚创媒$75#MDL系列$46#MMZ系列$50#MAD系列$53#MDWP系列$58#MSD系列$64#MDM恋爱咖啡$74#MDUS系列$78#MXJ系列$79#MKY系列$87#MAN系列$89#MCY系列$96#MDAG系列$100#MDHT系列$101#BLX系列$115#MPG系列$116#果冻传媒$11#皇家华人$12#吴梦梦无套系列$13#PsychoPorn色控$14#蜜桃影像传媒$15#天美传媒$45#乌鸦传媒$33#精东影业$34#SWAG$36#91制片厂$52#MSM性梦者$65#爱妃传媒$76#辣椒原创$80#O-STAR$81#肉肉传媒$91#渡边传媒$95#葵心娱乐$97#红斯灯影像$103#麻麻传媒$104#蝌蚪传媒$105#Pussy Hunter$106#桃花源$108#女优淫娃培训营$42#狼人插$54#女优擂台摔角狂热$55#恋爱巴士$61#男女优生死斗$66#情人劫密室逃脱$67#换妻$68#你好同学$69#禁欲小屋$77#鲍鱼的胜利$84#性爱自修室$88#春游记$92#心动的性号$93#情趣大富翁$94#寻宝吧女神$99#男优练习生$102#女神体育祭$110#麻豆高校$111#野外露初$112#星空无限传媒$47#乐播传媒$48#大象传媒$59#MINI传媒$62#糖心$73#葫芦影业$82#天马传媒$83#CCAV成人头条$90#性视界传媒$109#SA国际传媒$113#起点传媒$114#91茄子$117#草莓猛料$118" 
      }
},{
    "key": "玩偶妹妹",
    "name": "玩偶妹妹",
    "type": 3,
    "api": "csp_XBPQ",
   "jar": "https://py.nxog.eu.org/https://raw.githubusercontent.com/guot55/yg/main/jar/hl.jar",
  "searchable": 1,
            "quickSearch": 1,
            "filterable": 1,
    "ext": {
        "主页url": "https://urcccg.dbtav9.today/cn/home/web/",
        "直接播放": "1",
        //"数组": "class=\"thumb\"&&</div>",
       // "图片": "src=\"&&\"",
       //"标题": "title=\"&&\"",
        //"链接": "href=\"&&\"",
     //   "简介": "span.desc&&",
    //    "主演": "",
        "分类url": "https://urcccg.dbtav9.today/vodtype/{cateId}/{catePg}/;;a",
        "分类": "国产精品$20#主播大秀$21#唯美视频$22#口交视频$23#日本有碼$24#日本無碼$25#动漫视频$26#欧美视频$27#日韩视频$28#欧美视频$29#动漫视频$30#伦理影片$31"
    }
},
	{
            "key": "csp_XBPQ_yyxl",
            "name": "🔞夜夜新郎",
            "type": 3,
            "api": "csp_XBPQ",
             "jar": "https://py.nxog.eu.org/https://raw.githubusercontent.com/guot55/yg/main/jar/hl.jar",
            "searchable": 1,
            "quickSearch": 1,
            "filterable": 0,
            "ext": "https://py.nxog.eu.org/https://raw.githubusercontent.com/guot55/yg/main/lib/夜夜新郎.json"
        },
{
            "key": "奶香m",
            "name": "🔞采集.奶香香",
            "type": 1,
            "api": "https://naixxzy4.com/api.php/provide/vod/?ac=list",
            "searchable": 1
        }, 
        { "key": "手鸡助手", "name": "🔞手鸡助手", "type":3,"api":"csp_XBPQ","jar": "https://gitee.com/lwlxh/tvhome/raw/master/o.jar", "ext":{"请求头": "手机",  "直接播放": "1",
   "分类url":"https://mcpg.sjzs199p.buzz/?mod=videos&cateid={cateId}&page={catePg}",
    "分类":"日韩有码$480#日韩无码$481#中文字幕$483#AV解说$485#欧美情色$482#国产情色$479#网红主播$484#卡通动漫$1505","播放标题": "<h1&&</h1>",
    "搜索url":"https://mcpg.sjzs199p.buzz/?mod=videos&wd={wd}"
}},
{
      "key": "XMVideo",
      "name": "🔞熊猫视频",
      "type": 3,
      "api": "csp_XMVideo",
      "searchable": 1,
      "filterable": 1,"jar": "https://py.nxog.eu.org/https://raw.githubusercontent.com/guot55/yg/main/jar/182.jar"
    },
       {
      "key": "Cg51",
      "name": "🔞51吃瓜",
      "type": 3,
      "api": "csp_Cg51",
      "searchable": 1,
      "filterable": 1,"jar": "https://py.nxog.eu.org/https://raw.githubusercontent.com/guot55/yg/main/jar/182.jar"
    },
{
            "key": "csp_XBPQ_奶很大",
            "name": "🔞奶很大",
            "type": 3,
            "api": "csp_XBPQ",
     "jar": "https://py.nxog.eu.org/https://raw.githubusercontent.com/guot55/yg/main/jar/hl.jar",
            "searchable": 1,
            "quickSearch": 1,
            "filterable": 0,
            "ext": {
"请求头":"手机",
"站名":"奶很大",
"主页url":"https://hhicd-d63o3o.naihendawaq.buzz/index.php",
"直接播放":"1",
"标题":"<p&&</p>",
"图片":"data-src=\"&&\"", 
"跳转播放链接":"var player_data*url\":\"&&\"",
"搜索模式":"1",
"搜索url":"/index.php/vodsearch/{wd}----------{pg}---.html",
"分类url":"https://hhicd-d63o3o.naihendawaq.buzz/index.php/vodtype/{cateId}-{catePg}.html",
"分类":"草莓猛料$136#玩偶姐姐$133#兔子先生$131#91茄子$129#奇兵有码$27#步兵无码$28#国产视频$1#日本视频$2#中文字幕$9#无码中文$34#主播大秀$12#欧美视频$5#女神学生$16#娇妻素人$18空姐模特$19#职场同事$23#强奸中文$35#制服中文$38#出轨中文$41#韩国制服主播$43#制服师生$50"
}  },{"key":"高清xxxx黑料",
         "name":"🍁高清xxxx黑料",
         "type":3,
         "jar": "./jar/hl.jar",
         "api":"csp_XBPQ",
         "searchable":1,
         "quickSearch":1,
         "filterable":1,
         "ext":{"发布地址":"https://xxxxxxav1.com",
         "主页url":"https://xxxxxxav1.com/xxxx",
         "数组":"class=\"item-box\">&&</a","图片":"src=\"&&\"","标题":"title=\"&&\"","副标题":"<small>&&</small>","简介":"description\" content=\"&&|全站",
         "链接":"href=\"&&\"[替换:voddetail>>v]","跳转播放链接":"urlDecode(var player_*url\":\"&&\")",
         "搜索模式":"1","搜索url":"https://xxxxxxav1.com/s/page/{pg}/wd/{wd}/","分类数组":"<a&&/a>","分类标题":">&&<","分类ID":"/t/&&/","分类url":"https://xxxxxxav1.com/t/{cateId}-{catePg}/;;z"}},
{"key":"csp_xBPQ_香蕉超清","name":"🏆香蕉超清","type":3,"api":"csp_xBPQ","searchable":1,"quickSearch":1,"filterable":0,"ext":"./h/%e9%a6%99%e8%95%89%e8%b6%85%e6%b8%85.json","jar":"./jar/Yoursmile2.jar"},
{"key":"csp_xBPQ_香蕉久久热","name":"🏆香蕉久久热","type":3,"api":"csp_xBPQ","searchable":1,"quickSearch":1,"filterable":0,"ext":"./h/香蕉久久热.json","jar":"./jar/Yoursmile2.jar"},
	{"key":"csp_xBPQ_香蕉国产","name":"🏆香蕉国产","type":3,"api":"csp_xBPQ","searchable":1,"quickSearch":1,"filterable":0,"ext":"./h/香蕉国产.json","jar":"./jar/Yoursmile2.jar"},
	{"key":"csp_xBPQ_香蕉搜索","name":"🏆香蕉搜索","type":3,"api":"csp_xBPQ","searchable":1,"quickSearch":1,"filterable":0,"ext":"./h/香蕉搜索.json","jar":"./jar/Yoursmile2.jar"},
	{"key":"csp_xBPQ_香蕉资源","name":"🏆香蕉资源","type":3,"api":"csp_xBPQ","searchable":1,"quickSearch":1,"filterable":0,"ext":"./h/香蕉资源.json","jar":"./jar/Yoursmile2.jar"},
 {"key":"csp_xBPQ_香蕉AV解说","name":"🏆香蕉解说","type":3,"api":"csp_xBPQ","searchable":1,"quickSearch":1,"filterable":0,"ext":"./h/%e9%a6%99%e8%95%89%e8%a7%a3%e8%af%b4.json","jar":"./jar/Yoursmile2.jar"},
{"key":"csp_xBPQ_香蕉废柴","name":"🏆香蕉废柴","type":3,"api":"csp_xBPQ","searchable":1,"quickSearch":1,"filterable":0,"ext":"./h/%e9%a6%99%e8%95%89%e5%ba%9f%e6%9f%b4.json","jar":"./jar/Yoursmile2.jar"},
{"key":"csp_xBPQ_香蕉直播","name":"🏆香蕉直播","type":3,"api":"csp_xBPQ","searchable":1,"quickSearch":1,"filterable":0,"ext":"./h/%e9%a6%99%e8%95%89%e7%9b%b4%e6%92%ad.json","jar":"./jar/Yoursmile2.jar"}, 
{"key":"csp_xBPQ_黄仓库","name":"🏆黄仓库","type":3,"api":"csp_xBPQ","searchable":1,"quickSearch":1,"filterable":0,"ext":"./h/%e9%bb%84%e4%bb%93%e5%ba%93.json","jar":"./jar/Yoursmile2.jar"},
{ "key": "KpgxdyE", "name": "🔞黄AV资源(已修复)", "type": 0, "api": "https://www.pgxdy.com/api/xml.php", "searchable": 1, "quickSearch": 1, "filterable": 1 },
	{"key": "橘猫资源","name": "🔞橘猫资源","type": 1,"api": "https://to.to-long.com/api.php/provide/vod/", "searchable": 1,"quickSearch": 1, "filterable": 0 },
{"key":"滴滴资源","name":"滴滴资源","type":1,"api":"https://api.ddapi.cc/api.php/provide/vod/at/json","searchable":1,"quickSearch":1},
	{"key":"小AV","name":"小AV","type":0,"searchable":0,"quickSearch":0,"api":"https://www.pgxdy.com/api/xml.php","playUrl":""},
{"key": "美少女资源站","name": "美少女资源站","type": 0,"api": "https://www.msnii.com/api/xml.php", "searchable": 1,"quickSearch": 1, "filterable": 0 },
{"key": "淫水机资源站","name": "淫水机资源站","type": 0,"api": "https://www.xrbsp.com/api/xml.php", "searchable": 1,"quickSearch": 1, "filterable": 0 },
{"key": "香奶儿资源站","name": "香奶儿资源站","type": 0,"api": "https://www.gdlsp.com/api/xml.php", "searchable": 1,"quickSearch": 1, "filterable": 0 },
{"key": "白嫖资源站","name": "白嫖资源站","type": 0,"api": "https://www.kxgav.com/api/xml.php", "searchable": 1,"quickSearch": 1, "filterable": 0 },
{"key":"辣椒","name":"🍎辣椒(直连)","type":0,"api":"http://api.11bat.com/api.php/provide/vod/at/xml/","quickSearch":1,"searchable":1,"filterable":1},
{"key":"pgxdy","name":"🐞Pgx电影🈲","type":0,"api":"https://www.pgxdy.com/api/xml.php","searchable":1,"quickSearch":1,"filterable":1},
	{"key":"pwd_袜子","name":"1️⃣8️⃣🈲蜜蜂","type":0,"api":"https://www.msnii.com/api/xml.php","searchable":1,"quickSearch":0},
{"key":"沙咖影院","name":"🔞沙咖影院","type":3,"api":"csp_XBPQ","api":"csp_XBPQ","jar":"https://py.nxog.eu.org/https://raw.githubusercontent.com/guot55/yg/main/jar/hl.jar","searchable":1,"quickSearch":1,"filterable":1,"ext":{"数组":"stui-vodlist__thumb lazyload&&</a","图片":"data-original=\"&&\"","图片代理":"1","副标题":"pic-text text-right\">&&</span>","简介":"description\" content=\"&&\"","链接":"href=\"/voddetail/&&.html\"","链接前缀":"https://sar.sarga.cc/vodplay/","链接后缀":"-1-1.html","跳转播放链接":"urlDecode(var player*url\":\"&&\")","搜索url":"https://sar.sarga.cc/vodsearch/{wd}----------{pg}---.html","分类url":"https://sar.sarga.cc/vodtype/{cateId}-{catePg}.html;;z","分类":"中文新作$20#国语视频$21#有码精品$24#动漫专场$23#经典伦理$25#欧美性爱$22"}},
{"key":"didizy.com","name":"💕滴滴(直连)","type":1,"api":"https://api.ddapi.cc/api.php/provide/vod/?ac=list","searchable":1,"filterable":1},
{"key": "AIvin","name": "AIvin","type": 0,"api": "http://lbapiby.com/api.php/provide/vod/at/xml"},
{
      "key": "美少女",
      "name": "技巧影视",
      "type": 0,
      "api": "https://www.msnii.com/api/xml.php",
      "searchable": 1,
      "quickSearch": 1,
      "filterable": 1
    },
{
      "key": "zp011",
      "name": "🐝78资源",
      "type": 1,
      "api": "https://lbapi9.com/api.php/provide/vod/",
      "searchable": 1,
      "quickSearch": 1,
      "filterable": 0
    },
     {
      "key": "*白资源",
      "name": "白云资源",
      "type": 0,
      "api": "https://www.kxgav.com/api/xml.php",
      "searchable": 1,
      "quickSearch": 1,
      "filterable": 0
    },
       {
      "key": "*水资源",
      "name": "水滴资源",
      "type": 0,
      "api": "https://www.xrbsp.com/api/xml.php",
      "searchable": 1,
      "quickSearch": 1,
      "filterable": 0
    },
      {
      "key": "*香儿资源",
      "name": "香儿资源",
      "type": 0,
      "api": "https://www.gdlsp.com/api/xml.php",
      "searchable": 1,
      "quickSearch": 1,
      "filterable": 0
    },
	 {
            "key": "大地专场",
            "name": "🔞大地采集",
            "type": 0,
            "api": "https://dadiapi.com/api.php",
            "playUrl": "",
            "searchable": 1,
            "quickSearch": 1,
            "filterable": 1,
            "categories": [
                "日韩无码",
                "强奸乱伦",
                "欧美精品",
                "国产精品",
                "人妻系列",
                "中文字幕",
                "动漫精品",
                "伦理影片",
                "日韩精品",
                "制服诱惑",
                "自拍偷拍",
                "AV明星",
                "3P合辑",
                "巨乳系列",
                "颜射系列",
                "口交视频",
                "自慰系列",
                "SM重味",
                "教师学生",
                "大秀视频",
                "AV明星1"
            ]
        },
{
      "key": "富二代资源",
      "name": "富二代资源",
      "type": 0,
      "api": "http://f2dcj6.com/sapi?ac=list&pg=1",
      "searchable": 1,
      "quickSearch": 1,
      "filterable": 0
    },	
{
      "key": "xrbsp.com",
      "name": "小日本采集",
      "type": 0,
      "api": "https://www.xrbsp.com/api/xml.php",
      "quickSearch": 1,
      "searchable": 1,
      "filterable": 1
    },
	{
      "key": "苹果小电影",
      "name": "苹果采集",
      "type": 0,
      "api": "https://www.pgxdy.com/api/xml.php",
      "searchable": 1,
      "quickSearch": 1,
      "filterable": 1
    },
{
      "key": "fh资源",
      "name": "💖FH采集",
      "type": 1,
      "api": "http://fhapi9.com/api.php/provide/vod/",
      "searchable": 1,
      "quickSearch": 1
    },
	{
            "key": "番外",
            "name": "🔞番外采集",
            "type": 1,
            "api": "http://fhapi9.com/api.php/provide/vod/",
            "playUrl": "",
            "searchable": 1,
            "quickSearch": 1,
            "filterable": 1,
            "categories": [
                "群交淫乱",
                "偷拍自拍",
                "制服丝袜",
                "无码专区",
                "卡通动漫",
                "中文字幕",
                "欧美性爱",
                "巨乳美乳",
                "国产裸聊",
                "国产自拍",
                "国产盗摄",
                "伦理三级",
                "女同性恋",
                "少女萝莉",
                "人妖系列",
                "虚拟VR"
            ]
        },
{
            "key": "玉兔专场",
            "name": "🔞玉兔采集",
            "type": 1,
            "api": "https://py.nxog.eu.org/https://apiyutu.com/api.php/provide/vod/",
            "playUrl": "",
            "searchable": 1,
            "quickSearch": 1,
            "filterable": 1,
            "categories": [
                "精品推荐",
                "国产精品",
                "主播秀色",
                "日本有码",
                "日本无码",
                "中文字幕",
                "童颜巨乳",
                "性感人妻",
                "强奸乱伦",
                "欧美情色",
                "童真萝莉",
                "三级伦理",
                "卡通动漫",
                "丝袜OL",
                "口爆颜射",
                "自拍偷拍",
                "日本片商",
                "Cosplay",
                "素人自拍",
                "台湾色情",
                "韩国自拍",
                "性感港姐",
                "东南亚情色",
                "凌辱束缚",
                "剧情介绍",
                "多P 3P",
                "91系列",
                "网红系列",
                "野外系列",
                "女仆系列",
                "学生中出",
                "性感旗袍",
                "兽耳作品",
                "瑜伽裤",
                "骚货护士",
                "及膝袜",
                "网曝系列",
                "麻豆传媒",
                "女同人妖",
                "恋腿癖"
            ]
        },
       {
            "key": "乐播",
            "name": "️🔞乐播采集",
            "type": 1,
            "api": "https://py.nxog.eu.org/https://lbapi9.com/api.php/provide/vod/",
            "playUrl": "",
            "searchable": 1,
            "quickSearch": 1,
            "filterable": 1,
            "categories": [
                "亚洲情色",
                "国产主播",
                "国产自拍",
                "无码专区",
                "欧美性爱",
                "熟女人妻",
                "强奸乱伦",
                "巨乳美乳",
                "中文字幕",
                "制服诱惑",
                "女同性恋",
                "卡通动画",
                "视频伦理",
                "少女萝莉",
                "重口色情",
                "人兽性交"
            ]
        },
        {
            "key": "JAVSB",
            "name": "🔞JAVSB",
            "type": 3,
            "api": "csp_XBPQ",
           "jar": "https://gitee.com/lwlxh/tvhome/raw/master/o.jar",
            "ext": {
                "主页url": "https://jav.sb/",
                "直接播放": "1",
                "数组": "class=\"relative aspect-w-16 aspect-h-9 rounded overflow-hidden shadow-lg\"&&</div>",
                "图片": "data-src=\"&&\"",
                "标题": "alt=\"&&\"",
                "链接": "href=\"&&\"",
                "分类url": "https://jav.sb/javtype/{cateId}-{catePg}.html",
                "分类": "日本有碼$Censored#日本無碼$Uncensored#FC2-PPV$FC2-PPV#無碼破解$Mosaic_Removed#中文字幕$CHN_SUB#MGS動画$MGS#寫真$Adult_IDOL#國產$Asian_Amateur#欧美$Western_Porn"
            }
        },
        {"key": "SOAV",
            "name": "🔞SOAV",
            "type": 3,
            "api": "csp_XBPQ",
   "jar": "https://gitee.com/lwlxh/tvhome/raw/master/o.jar",
            "style": {
                "type": "rect",
                "ratio": 1.5
            },
            "ext": {
                "主页url": "https://777170.xyz/%e6%97%a5%e9%9f%a9%e8%a7%86%e9%a2%91/",
                "搜索url": "https://777170.xyz/?s={wd}",
                "数组": "data-video-uid=&&</div>",
                "图片": "data-src=\"&&\"",
                "标题": "alt=\"&&\"",
                "副标题": "</i>&&</span>",
                "链接": "href=\"&&\"",
                "简介": "⚠️少看点，再看你就废了！！！",
                "分类url": "https://777170.xyz/category/{cateId}/page/{catePg}/;;z",
                "分类": "中文字幕$中文字幕#國產精選$國產精選#探花約炮$探花約炮#日韩视频$日韩视频#無碼素人$無碼素人#歐美專區$歐美專區#中字動漫$中字動漫"
            }
        },
        {
      "key": "快活影網",
      "name": "🔞快活┃影视",
      "type": 3,
      "api": "csp_XBPQ",
      "jar": "https://gitee.com/lwlxh/tvhome/raw/master/o.jar",
      "searchable": 1,
      "quickSearch": 1,
      "filterable": 1,
      "ext": {
        "主页url": "https://www.444vva.com/yazhouxingai/index.html",
        "播放数组":"mod play-list&&</ul",
        "跳转播放链接": "var playUrl=\"&&\"",
        "链接": "href=\"&&\"",
       "标题": "alt=\"&&\"",
       "直接播放":"1",
        "分类url": "https://www.444vva.com/{cateId}/{class}/index.html",
        "分类": "亚洲性爱$yazhouxingai#欧美高清$oumeixingai#亚洲无码$yazhouav#欧美短AV$oumeiav#熟女人妻$shunvrenqi#丝袜制服$siwazhifu#中文熟女$luanlunshunv#三级经典$sanjijingdian"
      }
    },
    {
      "key": "快影網",
      "name": "🔞色苹果┃影视",
      "type": 3,
      "api": "csp_XBPQ",
      "jar": "https://gitee.com/lwlxh/tvhome/raw/master/o.jar",
      "searchable": 1,
      "quickSearch": 1,
      "filterable": 1,
      "ext": {
        "主页url": "https://www.appleav65.xyz/",
        "播放数组":"mod play-list&&</ul",
        "跳转播放链接": "var playUrl=\"&&\"",
        "链接": "href=\"&&\"",
       "标题": "alt=\"&&\"",
       "直接播放":"1",
       "分类url": "https://www.appleav65.xyz/vodtype/{cateId}/{catePg}/;;a",
        "分类": "国产视频$1#欧美高清$5#日韩视频$2#国产传媒$7#精品推荐$21#网曝私密$3#3d动漫$4"
      }
    },
     {
      "key": "jap影網",
      "name": "🔞6av┃影视",
      "type": 3,
      "api": "csp_XBPQ",
      "jar": "https://gitee.com/lwlxh/tvhome/raw/master/o.jar",
      "searchable": 1,
      "quickSearch": 1,
      "filterable": 1,
      "ext": {
        "主页url": "https://www.1av.shop/vodtype/25.html",
        "播放数组":"mod play-list&&</ul",
        "跳转播放链接": "var player_aaaa*url\":\"&&\"",
        "链接": "href=\"&&\"",
       "标题": "alt=\"&&\"",
       "直接播放":"1",
       "分类url": "https://www.1av.shop/vodtype/{cateId}-{catePg}.html;;z",
        "分类": "国产视频$1#欧美高清$18#日韩视频$17#熟女人妻$25#国产传媒$11#精品推荐$16#网曝私密$2#三级电影$21"
      }
    },
{
      "key": "11影網",
      "name": "🔞112vv┃影视",
      "type": 3,
      "api": "csp_XBPQ",
      "jar": "https://gitee.com/lwlxh/tvhome/raw/master/o.jar",
      "searchable": 1,
      "quickSearch": 1,
      "filterable": 1,
      "ext": {
        "主页url": "https://www.112vv.me/vodtype/26.html",
        "播放数组":"mod play-list&&</ul",
        "跳转播放链接": "var player_aaaa*url\":\"&&\"",
        "链接": "href=\"&&\"",
       "标题": "alt=\"&&\"",
       "直接播放":"1",
       "分类url": "https://www.112vv.me/vodtype/{cateId}-{catePg}.html;;z",
        "分类": "国产视频$6#欧美高清$24#日韩视频$23#熟女人妻$32#国产传媒$12#亚洲专区$22#中文字幕$25#三级电影$26#高清名优$38#日本素人$37#少女萝莉$31#强奸乱伦$29#制服丝袜$30#童颜巨乳$28"
      }
    },
        {
            "key": "奈落",
            "name": "奈落┃蓝光",
            "type": 3,
            "api": "csp_XBPQ",
            "jar": "https://gitee.com/lwlxh/tvhome/raw/master/o.jar",
            "filterable": 1,
            "ext": {
                "请求头": "User-Agent$MOBILE_UA",
                "主页url": "",
                "搜索url": "https://www.newfii.com/vodsearch/{wd}----------{pg}---.html",
                "播放组数": "module-blocklist&&</div>",
                "跳转播放链接": "var player_*url\":\"&&\"",
                "跳转解析": "默认$var Player*url=",
                "数组": "module-item&&</div>",
                "线路标题": "<span>&&</span>",
                "标题": "title=\"&&\"",
                "图片": "data-src=\"&&\"",
                "副标题": ">&&</div>",
                "线路数组": "module-tab-item tab-item&&</div>",
                "简介": "<span>&&</span>",
                "链接": "href=\"&&\"",
                "分类url": "https://www.newfii.com/vodshow/{cateId}-{area}-{by}-{class}-{lang}-{letter}---{catePg}---{year}.html",
                "分类": "电影$1#剧集$2#综艺$4#动漫$3#记录片$5#B站$39#短剧$53#体育$45#私密$52",
                "筛选": ""
            }
        }, 
     {
      "key": "醉挽清风",
      "name": "❤️墨玉┃4K纯净",
      "type": 3,
      "api": "http://我不是.摸鱼儿.top/json/js/drpy.min.js",
      "searchable": 1,
      "quickSearch": 1,
      "filterable": 1,
      "order_num": 0,
      "playUrl": "json:http://103.117.123.51:6523/zhuimi666.php?url=",
      "ext": "https://gitee.com/XIYANkong123/536992286/raw/moyuer/qingfeng.js",
    "jar": "http://我不是.摸鱼儿.top/by/jar/moyu.php;md5;be6121b5c37471b191114027123912d2"
    },
     {"key":"drpy_555","name":"速播┃影视","type":3,"api":"./lib/drpy2.min.js","searchable":1,"quickSearch":1,"filterable":1,"ext":"./lib/555.json"},
     {"key": "白嫖者","name": "白飘|影视","type": 3,"api": "csp_XBPQ","jar": "./lib/XBPQ.jar","ext": {"分类url": "https://www.qyzf88.com/qyvodtype/{cateId}-{catePg}.html","分类":"18禁$8#电影$1#电视剧$2#动漫$4#综艺$3","副标题":"class=\"pic-text text-right\"&&</span>","简介":"+剧情介绍：&&</p >"}},
     {"key":"快看影视","name":"快看┃影视","type":3,"api":"csp_Kuaikan","searchable":1,"quickSearch":1,"filterable":1,"jar": "https://py.nxog.eu.org/https://raw.githubusercontent.com/guot55/yg/main/lib/o.jar"},
{
      "key": "drpy_js_荐片",
      "name": "荐片|优质",
      "type": 3,
      "api": "https://py.nxog.eu.org/https://raw.githubusercontent.com/guot55/yg/main/lib/drpy2.min.js",
      "ext": "https://py.nxog.eu.org/https://raw.githubusercontent.com/guot55/yg/main/js/jp.js"
    },
    {
      "key": "csp_LiteApple",
      "name": "苹果┃影视",
      "type": 3,
      "playerType": "2",
      "api": "csp_LiteApple",
      "jar": "https://py.nxog.eu.org/https://raw.githubusercontent.com/guot55/yg/main/lib/ap.jar",
      "searchable": 1,
      "quickSearch": 1,
      "filterable": 1
    },
    {"key":"荐片弹幕","name":"荐片┃弹幕","type":3,"api":"csp_Jianpian","playerType":1,"searchable":1,"quickSearch":1,"filterable":1,"ext":{"danmu":true}},
		{"key":"小苹果弹幕","name":"苹果┃弹幕","type":3,"api":"csp_Xpg","searchable":1,"quickSearch":1,"filterable":1,"ext":{"danmu":true}},
{"key":"畅梦","name":"专享┃影视","type":3,"api":"./lib/drpy2.min.js","ext":"./y/changmeng.js"},
{"key":"农民影视","name":"农民┃影视","type":3,"api":"csp_WexNmys","jar":"https://py.nxog.eu.org/https://raw.githubusercontent.com/guot55/yg/main/lib/o.jar","searchable":1,"changeable":1},
{"key":"南瓜影视","name":"南瓜┃影视","type":3,"api":"csp_WexNgys","jar":"./lib/o.jar","searchable":1,"quickSearch":1,"filterable":0},
	{"key":"愉悦影视","name":"愉悦┃影视","type":3,"api":"csp_Wexyuyueys","jar":"./lib/o.jar","searchable":1,"changeable":1},
	{"key":"FreeOK","name":"富瑞┃影视","type":3,"api":"csp_FreeOK","jar":"./lib/o.jar","searchable":1,"quickSearch":1,"filterable":1},
{
      "key": "牛Y", 
      "name": "牛Y┃影视", 
      "type": 1, 
      "api": "https://api.niuniuzy.me/api.php/provide/vod/", 
      "searchable": 1, 
      "quickSearch": 1, 
      "filterable": 1,
      "categories": [
	                        "4K电影",
				"动作片",
				"喜剧片",
				"爱情片",
				"科幻片",
				"恐怖片",
	                        "港台三级",
	                        "韩国伦理",
	                        "日本伦理",
	                        "西方伦理",
				"剧情片",
				"战争片",
				"国产剧",
				"欧美剧",
				"韩剧",
				"日剧",
				"港剧",
				"台剧",
				"泰剧",
				"海外剧",
				"纪录片",
				"大陆综艺",
				"日韩综艺",
				"港台综艺",
				"欧美综艺",
				"国产动漫",
				"日韩动漫",
				"欧美动漫",
				"动画片",
				"港台动漫",
				"海外动漫",
				"演唱会",
				"体育赛事",
				"篮球",
				"足球",
				"预告片",
				"爽文短剧",
				"影视解说"
			]
    },
{
            "key": "xcys",
            "name": "星辰｜影视",
            "type": 3,
            "api": "csp_XBPQ",
	  "jar": "./lib/XBPQ.jar",
            "ext": {
                "分类url": "http://m.disc800.com/sort/{cateId}/area/{area}/by/{by}/class/{class}/lang/{lang}/page/{catePg}/year/{year}.html",
                "分类": "电影$1#连续剧$2#动漫$3#综艺$4#纪录片$5#18禁$6"
            }
        },{
      "key": "七夕❤️无广",
      "name": "七夕|影视",
      "type": 3,
      "api": "csp_XBPQ",
      "jar": "./lib/XBPQ.jar",
      "searchable": 1,
      "quickSearch": 1,
      "filterable": 1,
      "ext": {
        "简介": "提醒您:请勿相信影片中的广告，以免上当受骗！+<span class=\"detail-content\" style=*>&&</span>",
        "导演": "影视TV",
        "主演": "主演：&&</p>",
        "影片状态": "状态：&&</p>",
        "搜索url": "/search.php;post;searchword={wd}",
        "线路数组": "<h3&&/h3>",
        "线路标题": "影视专享",
        "分类url": "http://www.7xdy.com/{cateId}/index{catePg}.html[http://www.7xdy.com/{cateId}/index.html];;k",
        "分类": "电影$dianyingpian#电视剧$dianshiju#综艺$zongyi#动漫$dongman"
      }
    },    {
      "key": "奇优🏮秒播",
      "name": "奇优|播",
     "jar": "./lib/XBPQ.jar",
      "type": 3,
      "api": "csp_XBPQ",
      "searchable": 1,
      "quickSearch": 1,
      "filterable": 1,
      "ext": {
        "简介": "影视提醒您,请勿相信影片中的广告，以免上当受骗！+&&</div>",
        "导演": "影视TV",
        "主演": "主演：&&</p>",
        "线路数组": "影视专享",
        "线路标题": "影视专享",
        "播放数组": "stui-content__playlist clearfix&&</ul>",
        "播放列表": "<li>&&</li>",
        "播放标题": ">&&</a>",
        "分类url": "http://www.qiyoudy1.com/list/{cateId}_{catePg}.html[http://www.qiyoudy1.com/list/{cateId}.html];;ak",
        "分类": "电影$1#电视剧$2#动漫$3#综艺$4#18禁$6"
      }
    }, {
      "key": "热播💋蓝光",
      "name": "热播|蓝光",
      "type": 3,
      "api": "csp_XBPQ",
   "jar": "./lib/XBPQ.jar",
      "searchable": 1,
      "quickSearch": 1,
      "filterable": 1,
      "ext": {
        "简介": "影视提醒您,请勿相信影片中的广告，以免上当受骗！+<span class=\"detail-content\" style=*>&&</span>",
        "导演": "影视TV",
        "主演": "影视粉丝",
        "影片地区": "地区：&&</p>",
        "影片年代": "年份：&&</p>",
        "影片状态": "<p class=\"data\">&&</p>",
        "影片类型": "类型：&&</p>",
        "数组": "stui-vodlist__thumb&&</a>",
        "图片": "data-original=\"&&\"",
        "标题": "title=\"&&\"",
        "副标题": "pic-text text-right\">&&</span>",
        "链接": "href=\"&&\"",
        "线路数组": "<h4 class=\"title\"&&/h4>",
        "线路标题": "影视专享",
        "播放数组": "<ul class=\"stui-content__playlist&&</ul>",
        "播放标题": ">&&</a>",
        "播放列表": "<li&&</li>",
        "搜索模式": "1",
        "搜索url": "https://rebozj.pro/type/id-.html?wd={wd}",
        "嗅探词": "tos-#.mp4#cdn.123pan.cn#huoshanvod.com#.m3u8#video_mp4",
        "分类url": "https://rebozj.pro/show/{cateId}-{area}-{by}-{class}-{lang}----{catePg}---{year}.html;;ak",
        "分类": "电影$1#电视剧$2#纪录片$3#动漫$4#综艺$5"
      }
    },{
      "key": "米爱💋蓝光",
      "name": "米爱|蓝光",
      "type": 3,
      "api": "csp_XBPQ",
    "jar": "./lib/XBPQ.jar",
      "searchable": 1,
      "quickSearch": 1,
      "filterable": 1,
      "ext": {
        "简介": "影视提醒您,请勿相信影片中的广告，以免上当受骗！+剧情：&&（米爱影视频+。",
        "导演": "影视TV",
        "主演": "影视粉丝们",
        "影片状态": "集数：&&</div>",
        "影片类型": "video-info-aux scroll-content\">&&立即播放",
        "数组": "module-item-pic\">&&module-item\">",
        "标题": "title=\"&&\"",
        "副标题": "module-item-text\"&&</div>",
        "图片": "data-src=\"&&\"",
        "链接": "href=\"&&\"",
        "搜索url": "/vodsearch/-------------.html?wd={wd}",
        "搜索数组": "lazy lazyload\"&&<h3>",
        "搜索标题": "alt=\"&&\"",
        "搜索副标题": "<a class=\"video-serial\" href=*>&&</a>",
        "搜索图片": "data-src=\"&&\"",
        "搜索链接": "href=\"&&\"",
        "线路数组": "data-dropdown-value=&&</div>",
        "线路标题": "影视专享",
        "播放数组": "sort-item\"&&</div>",
        "播放标题": "<span>&&</span>",
        "播放列表": "<a&&</a>",
        "分类url": "https://www.miai8.cc/vodshow/{cateId}-{area}-{by}-{class}-{lang}----{catePg}---{year}.html;;ak",
        "分类": "电影$1#电视剧$2#综艺$3#动漫$4#纪录片$32"
      }
    }, {
      "key": "云播💋蓝光",
      "name": "云播|蓝光",
      "type": 3,
      "api": "csp_XBPQ",
     "jar": "./lib/XBPQ.jar",
      "searchable": 1,
      "quickSearch": 1,
      "filterable": 1,
      "ext": {
        "导演": "影视TV",
        "主演": "主演：</span>&&</p>",
        "简介": "提醒您,请勿相信影片中的广告，以免上当受骗！+class=\"sketch content\">&&</span>",
        "数组": "myui-vodlist__thumb&&</a>",
        "标题": "title=\"&&\"",
        "副标题": "pic-tag pic-tag-top\">&&</span>",
        "图片": "data-original=\"&&\"",
        "链接": "href=\"&&\"",
        "搜索模式": "1",
        "搜索url": "/vod/search.html?wd={wd}&submit=",
        "搜索数组": "myui-vodlist__thumb img-lg-150 img-md-150 img-sm-150 img-xs-100 lazyload\"&&</a>",
        "搜索标题": "title=\"&&\"",
        "搜索副标题": "background-color:*>&&</span>",
        "搜索图片": "data-original=\"&&\"",
        "搜索链接": "href=\"&&\"",
        "线路数组": "</a><h3&&/h3>",
        "线路标题": "影视专享",
        "分类url": "http://www.tvyb03.com/vod/show/area/{area}/by/{by}/class/{class}/id/{cateId}/lang/{lang}/page/{catePg}/year/{year}.html",
        "分类": "电影$1#电视剧$2#综艺$3#动漫$4"
      }
    }, {
      "key": "海兔💋蓝光",
      "name": "海兔|蓝光",
      "type": 3,
      "api": "csp_XBPQ",
     "jar": "./lib/XBPQ.jar",
      "ext": {
        "简介": "提醒您,请勿相信影片中的广告，以免上当受骗！+剧情：</span><div class=\"video-info-item video-info-content vod_content\">&&</span>",
        "导演": "影视TV",
        "主演": "主演：&&</a>",
        "线路数组": "\"vod_play_from\":&&,",
        "线路标题": "影视专享",
        "跳转播放链接": "varurlDecode(var player_*url\":\"&&\")",
        "分类url": "https://www.haituu.tv/vodshow/{cateId}--{by}------{catePg}---.html[https://www.haituu.tv/vodtype/{cateId}.html]",
        "分类": "电影$1#纪录片$20#伦理片$21#战争片$12#喜剧片$7#动画片$35#动作片$6#爱情片$8#科幻片$9#恐怖片$10#剧情片$11#电视剧$2#国产剧$25#香港剧$15#泰国剧$14#韩国剧$16#台湾剧$22#日本剧$23#欧美剧$24#海外剧$13#综艺$3#动漫$4"
      }
    },
	 {
      "key": "农民❤️无广",
      "name": "农民|影院",
      "type": 3,
      "api": "csp_XBPQ",
      "jar": "./lib/XBPQ.jar",
      "searchable": 1,
      "quickSearch": 1,
      "filterable": 1,
      "ext": {
        "简介": "影视提醒您,请勿相信影片中的广告，以免上当受骗！+<span class=\"detail-content\" style=*>&&</span>",
        "导演": "影视TV",
        "主演": "主演：&&</p>",
        "影片状态": "状态：&&</p>",
        "搜索url": "/search.php;post;searchword={wd}",
        "线路数组": "<h3&&/h3>",
        "线路标题": "影视专享",
        "分类url": "https://www.wwgz.cn/vod-list-id-{cateId}-pg-{catePg}-order--by-{by}-class-0-year-{year}-letter--area-{area}-lang-.html;;ak",
        "分类": "电影$1#电视剧$2#综艺$3#动漫$4"
      }
    },
 {
            "key": "卫总影院",
            "name": "🌙卫总|影院",
            "type": 3,
            "api": "csp_XBPQ",
            "jar": "https://py.nxog.eu.org/https://raw.githubusercontent.com/guot55/yg/main/lib/XBPQ2.jar",
            "searchable": 1,
            "quickSearch": 1,
            "filterable": 1,
            "ext": {
                "数组": "myui-vodlist__thumb lazyload&&</a",
                "副标题": "pic-text text-right\">&&</span",
                "简介": "剧情介绍</h3>&&<div class=\"myui-panel myui-panel-bg clearfix",
                "线路数组": "<li><a href=\"\\#playlist&&</li",
                "线路标题": ">&&</a",
                "播放数组": "<ul class=\"myui-content__list sort-list&&</ul",
                "跳转播放链接": "var now=\"&&\"",
                "搜索数组": "lazyload\"&&</a",
                "搜索图片": "data-original=\"&&\"",
                "搜索标题": "title=\"&&\"",
                "搜索链接": "href=\"&&\"",
                "搜索url": "https://wzznl.buzz/search.php?page={pg}&searchword={wd}&searchtype=",
                "分类url": "https://wzznl.buzz/search.php?page={catePg}&searchtype=5&order={by}&tid={cateId}&area={area}&year={year}&letter=&yuyan={lang}&state=&money=&ver=&jq=",
                "分类": "电影$1#电视剧$2#18禁$11#动漫$4#动作片$5#爱情片$6#科幻片$7#恐怖片$8#战争片$9#喜剧片$10#综艺$3#剧情片$12#大陆剧$13#港台剧$14#欧美剧$15#日韩剧$16"
            }
        },
 {
      "key": "戏曲杂苑",
      "name": "戏曲杂苑",
      "type": 3,
      "api": "csp_Bili",
      "jar": "https://py.nxog.eu.org/https://raw.githubusercontent.com/guot55/yg/main/lib/o.jar",
      "searchable": 0,
      "quickSearch": 1,
      "filterable": 1,
      "ext": "https://py.nxog.eu.org/https://raw.githubusercontent.com/guot55/yg/main/a/哔哩戏曲.json"
    },
{
            "key": "高清资源网",
            "name": "高清┃2K",
            "type": 1,
            "api": "https://api.1080zyku.com/inc/apijson.php",
            "searchable": 1,
            "quickSearch": 1,
            "filterable": 1,
            "playurl": "json:http://jx.84jia.com/m3u8ts.php?url=",
            "categories": [
                "动作片",
                "国产剧",
                "喜剧片",
                "爱情片",
                "科幻片",
                "恐怖片",
                "剧情片",
                "倫理片",
                "战争片",
                "记录片",
                "欧美剧",
                "日本剧",
                "泰国剧",
                "韩国剧",
                "台湾剧",
                "香港剧",
                "大陆综艺",
                "港台综艺",
                "日韩综艺",
                "欧美综艺",
                "国产动漫",
                "日韩动漫",
                "欧美动漫"
            ]
        },
{
      "key": "极速资源lz",
      "name": "急速┃影视",
      "type": 1,
      "api": "https://cj.lziapi.com/api.php/provide/vod/from/lzm3u8/?ac=list",
      "searchable": 1,
      "quickSearch": 1,
      "filterable": 1,
      "categories": [
        "动作片",
        "喜剧片",
        "爱情片",
        "科幻片",
        "恐怖片",
        "剧情片",
        "伦理片",
        "战争片",
        "国产剧",
        "香港剧",
        "韩国剧",
        "欧美剧",
        "记录片",
        "台湾剧",
        "日本剧",
        "海外剧",
        "泰国剧",
        "大陆综艺",
        "港台综艺",
        "日韩综艺",
        "欧美综艺",
        "国产动漫",
        "日韩动漫",
        "欧美动漫",
        "港台动漫",
        "海外动漫",
        "电影解说"
      ]
    },
{
      "key": "非凡",
      "name": "非凡",
      "type": 0,
      "api": "http://api.ffzyapi.com/api.php/provide/vod/at/xml/",
      "searchable": 1,
      "changeable": 1,
      "categories": [
        "国产动漫",
        "日韩动漫",
        "国产剧",
        "韩国剧",
        "日本剧",
        "伦理片",
        "动漫片",
        "动作片",
        "喜剧片",
        "爱情片",
        "科幻片",
        "恐怖片",
        "剧情片",
        "战争片",
        "香港剧",
        "欧美剧",
        "记录片",
        "台湾剧",
        "海外剧",
        "泰国剧",
        "大陆综艺",
        "港台综艺",
        "日韩综艺",
        "欧美综艺",
        "欧美动漫",
        "港台动漫",
        "海外动漫"
      ]
    },
{
      "key": "IKUN资源",
      "name": "💥丨爱看2k丨微广",
      "type": 1,
      "api": "https://ikunzyapi.com/api.php/provide/vod/from/ikm3u8/",
      "categories": [
        "动作片",
        "喜剧片",
        "爱情片",
        "科幻片",
        "恐怖片",
        "剧情片",
	"伦理片",
        "战争片",
        "灾难片",
        "犯罪片",
        "悬疑片",
        "惊悚片",
        "奇幻片",
        "冒险片",
        "武侠片",
        "其它片",
        "国产剧",
        "港台剧",
        "日韩剧",
        "欧美剧",
        "香港剧",
        "台湾剧",
        "美国剧",
        "韩国剧",
        "日本剧",
        "泰国剧",
        "港澳剧",
        "日剧",
        "韩剧",
        "泰剧",
        "海外剧",
        "马泰剧",
        "中漫",
        "日漫",
        "动漫",
        "纪录片",
        "动画片",
        "动漫片",
        "国产动漫",
        "港台动漫",
        "日本动漫",
        "海外动漫",
        "日韩动漫",
        "欧美动漫",
        "动漫电影",
        "国内综艺",
        "港台综艺",
        "大陆综艺",
        "日韩综艺",
        "欧美综艺",
        "海外综艺",
        "电影解说"
      ],
      "searchable": 1,
      "quickSearch": 1
    },
	{
      "key": "光速资源",
      "name": "🎀光速┃采集",
      "type": 1,
      "api": "http://api.guangsuapi.com/api.php/provide/vod/",
      "searchable": 1,
      "changeable": 1,
      "categories": [
        "电影",
        "电视剧",
        "综艺",
        "动漫",
        "动作片",
        "喜剧片",
        "爱情片",
        "科幻片",
        "剧情片",
        "恐怖片",
        "战争片",
        "大陆剧",
        "欧美剧",
        "港澳剧",
        "韩剧",
        "动漫电影",
        "日剧",
        "台湾剧",
        "泰剧",
        "记录片",
        "伦理片",
        "体育赛事",
        "短剧"
      ]
    },
	{
      "key": "豪华资源",
      "name": "豪华资源",
      "type": 1,
      "api": "https://hhzyapi.com/api.php/provide/vod/?ac=list",
      "searchable": 1,
      "quickSearch": 1,
      "categories": [
        "内地剧",
        "香港剧",
        "欧美剧",
        "韩剧",
        "日剧",
        "马泰剧",
        "台湾剧",
        "动画片",
        "中国动漫",
        "日本动漫",
        "欧美动漫",
        "剧情片",
        "战争片",
        "动作片",
        "科幻片",
        "记录片",
        "爱情片",
        "喜剧片",
        "灾难片",
        "悬疑片",
        "犯罪片",
        "大陆综艺",
        "日韩综艺",
        "港台综艺",
        "欧美综艺",
        "伦理片"
      ]
    },{
      "key": "7ced0073619101d397b5c86fc3578ed4",
      "name": "💥┃火狐2K┃有广",
      "type": 1,
      "api": "https://hhzyapi.com/api.php/provide/vod/"
    },
{"key":"360_spider","name":"🐞360影视","type":3,"api":"csp_SP360","filterable":1,"quickSearch":1,"searchable":1,"jar": "./jar/7.jar"},
{"key": "csp_日后","name": "🥇三思","type": 3,"api": "csp_XBPQ","searchable": 1,"quickSearch": 1,"filterable": 1,"ext": "https://jihulab.com/wanda/4k/-/raw/main/json/348影视.json","jar":"https://jihulab.com/wanda/4k/-/raw/main/jar/yytt.jar"},


            {"key":"22","name":"接口仅供测试，请勿贩售","type":0,"api":""},
    {"key":"18","name":"请勿相信视频中的任何广告","type":0,"api":""}



],
"lives":[
			 {
      "name": "宝盒专享",
      "type": 0,
      "url": "https://ygbh.site/bh.txt",
      "playerType": 1,
      "ua": "okhttp/3.15",
      "epg": "http://epg.112114.xyz/?ch={name}&date={date}",
      "logo": "https://epg.112114.xyz/logo/{name}.png"
    },{
    "name": "ETH2(JS)",
    "api": "https://guot55.serv00.net/zbcs.php",
    "type": 3,
    "ua": "okhttp/4.12.0"
},{
    "name": "斯卡特",
    "url": "https://gitcode.net/ygbh66/test/-/raw/master/jtzb.txt"
},
{
    "name": "ETH(JS)",
    "api": "https://tang.hz.cz/js/ethtv.js",
    "type": 3,
    "ua": "okhttp/4.12.0"
},

			{
				"name": "live.ipv6.m3u",
				"type": 0,
				"url": "https://live.fanmingming.com/tv/m3u/ipv6.m3u",
				"playerType": 1,
				"ua": "okhttp/3.15",
				"epg": "http://epg.112114.xyz/?ch={name}&date={date}",
				"logo": "https://epg.112114.xyz/logo/{name}.png"
			},
			{
				"name": "live.ipv6.local",
				"type": 0,
				"url": "./lib/live.ipv6.txt",
				"playerType": 1,
				"ua": "okhttp/3.15",
				"epg": "http://epg.112114.xyz/?ch={name}&date={date}",
				"logo": "https://epg.112114.xyz/logo/{name}.png"
			},
			{
				"name": "live.fan",
				"type": 0,
				"url": "https://mirror.ghproxy.com/raw.githubusercontent.com/dxawi/0/main/tvlive.txt",
				"playerType": 1,
				"ua": "okhttp/3.15",
				"epg": "http://epg.112114.xyz/?ch={name}&date={date}",
				"logo": "https://epg.112114.xyz/logo/{name}.png"
			},
			{
				"name": "直播",
				"type": 0,
				"playerType": 1,
				"url": "https://agit.ai/Yoursmile7/TVBox/raw/branch/master/live.txt",
				"epg": "https://epg.112114.xyz/?ch={name}&date={date}",
				"logo": "https://epg.112114.xyz/logo/{name}.png"
			},
			{
				"name": "TXT",
				"type": 0,
				"playerType": 1,
				"url": "http://home.jundie.top:81/Cat/tv/live.txt",
				"epg": "http://epg.112114.xyz/?ch={name}&date={date}",
				"logo": "https://epg.112114.xyz/logo/{name}.png",
				"ua": "Mozilla/5.0 (Windows NT 10.0; Win64; x64) AppleWebKit/537.36 (KHTML, like Gecko) Chrome/108.0.0.0 Safari/537.36"
			},
			{
				"name": "Json",
				"type": 1,
				"playerType": 1,
				"url": "https://mirror.ghproxy.com/https://raw.githubusercontent.com/FongMi/CatVodSpider/main/json/live.json",
				"epg": "http://epg.112114.xyz/?ch={name}&date={date}",
				"logo": "https://epg.112114.xyz/logo/{name}.png",
				"ua": "Mozilla/5.0 (Windows NT 10.0; Win64; x64) AppleWebKit/537.36 (KHTML, like Gecko) Chrome/108.0.0.0 Safari/537.36"
			},
			{
				"name": "live.feimao",
				"type": 0,
				"playerType": 1,
				"url": "http://我不是.肥猫.live/TV/tvzb.txt",
				"ua": "okhttp/3.12.13",
				"epg": "http://epg.112114.xyz/?ch={name}&date={date}",
				"logo": "https://epg.112114.xyz/logo/{name}.png"
			},
			{
				"group":"redirect",
				"channels":[
					{
						"name":"redirect",
						"urls":[
							"proxy://do=live&type=live&proxy=&url="
						]
					}
				]
			}
		],
		"doh": [
			{
				"name": "Google",
				"url": "https://dns.google/dns-query",
				"ips": [
					"8.8.4.4",
					"8.8.8.8"
				]
			},
			{
				"name": "Cloudflare",
				"url": "https://cloudflare-dns.com/dns-query",
				"ips": [
					"1.1.1.1",
					"1.0.0.1",
					"2606:4700:4700::1111",
					"2606:4700:4700::1001"
				]
			},
			{
				"name": "AdGuard",
				"url": "https://dns.adguard.com/dns-query",
				"ips": [
					"94.140.14.140",
					"94.140.14.141"
				]
			},
			{
				"name": "DNSWatch",
				"url": "https://resolver2.dns.watch/dns-query",
				"ips": [
					"84.200.69.80",
					"84.200.70.40"
				]
			},
			{
				"name": "Quad9",
				"url": "https://dns.quad9.net/dns-quer",
				"ips": [
					"9.9.9.9",
					"149.112.112.112"
				]
			}
		],
		"rules":[
			{
				"name": "proxy",
				"hosts": [
					"raw.githubusercontent.com",
					"googlevideo.com",
					"cdn.v82u1l.com",
					"cdn.iz8qkg.com",
					"cdn.kin6c1.com",
					"c.biggggg.com",
					"c.olddddd.com",
					"haiwaikan.com",
					"www.histar.tv",
					"youtube.com",
					"uhibo.com",
					".*boku.*",
					".*nivod.*",
					"*.t4tv.hz.cz",
					".*ulivetv.*"
				]
			},
			{
				"name": "海外看",
				"hosts": [
					"haiwaikan"
				],
				"regex": [
					"8.1748",
					"10.0099",
					"10.3333",
					"16.0599"
				]
			},
			{
				"name": "暴風",
				"hosts": [
					"bfzy"
				],
				"regex": [
					"#EXT-X-DISCONTINUITY\\r*\\n*#EXTINF:3,[\\s\\S]*?#EXT-X-DISCONTINUITY"
				]
			},
			{
				"name": "星星",
				"hosts": [
					"aws.ulivetv.net"
				],
				"regex": [
					"#EXT-X-DISCONTINUITY\\r*\\n*#EXTINF:8,[\\s\\S]*?#EXT-X-DISCONTINUITY"
				]
			},
			{
				"name": "量子",
				"hosts": [
					"vip.lz",
					"hd.lz",
					"v.cdnlz"
				],
				"regex": [
					"18.5333"
				]
			},
			{"name":"非凡广告","hosts":["vip.ffzy","hd.ffzy",".ffzy*"],"regex":["#EXT-X-DISCONTINUITY\\r*\\n*#EXTINF.*?\\s+[0-9]{11}[1-9]{2}.*?\\.ts[\\s\\S]*?#EXT-X-DISCONTINUITY","#EXT-X-DISCONTINUITY\\r*\\n*#EXTINF:5.033333,[\\s\\S]*?#EXT-X-DISCONTINUITY\\r*\\n*#EXTINF:3.960000","#EXTINF.*?\\s+.*?1171.*?\\.ts\\s+"]},
			{"host":"www.djuu.com","rule":["mp4.djuu.com","m4a"]},{"host":"www.sharenice.net","rule":["huoshan.com","/item/video/"],"filter":[]},
			{"host":"www.sharenice.net","rule":["sovv.qianpailive.com","vid="],"filter":[]},
			{"host":"www.sharenice.net","rule":["douyin.com","/play/"]},
			{"host":"m.ysxs8.vip","rule":["ysting.ysxs8.vip:81","xmcdn.com"],"filter":[]},
			{"host":"hdmoli.com","rule":[".m3u8"]},{"host":"https://api.live.bilibili.com","rule":["bilivideo.com","/index.m3u8"],"filter":["data.bilibili.com/log/web","i0.hdslb.com/bfs/live/"]},
			{"host":"www.agemys.cc","rule":["cdn-tos","obj/tos-cn"]},
			{"host":"www.fun4k.com","rule":["https://hd.ijycnd.com/play","index.m3u8"]},
			{"host":"zjmiao.com","rule":["play.videomiao.vip/API.php","time=","key=","path="]},
			{
				"name": "火山嗅探",
				"hosts": [
					"huoshan.com"
				],
				"regex": [
					"item_id="
				]
			},
			{
				"name": "抖音嗅探",
				"hosts": [
					"douyin.com"
				],
				"regex": [
					"is_play_url="
				]
			},
			{
				"name": "農民嗅探",
				"hosts": [
					"toutiaovod.com"
				],
				"regex": [
					"video/tos/cn"
				]
			},
			{
				"name": "夜市",
				"hosts": [
					"yeslivetv.com"
				],
				"script": [
					"document.getElementsByClassName('vjs-big-play-button')[0].click()"
				]
			},
			{
				"name": "毛驢",
				"hosts": [
					"www.maolvys.com"
				],
				"script": [
					"document.getElementsByClassName('swal-button swal-button--confirm')[0].click()"
				]
			},
			{
				"name": "磁力广告",
				"hosts": [
					"magnet"
				],
				"regex": [
					"更多",
					"社 區",
					"x u u",
					"最 新",
					"直 播",
					"更 新",
					"社 区",
					"有 趣",
					"英皇体育",
					"全中文AV在线",
					"澳门皇冠赌场",
					"哥哥快来",
					"美女荷官",
					"裸聊",
					"新片首发",
					"UUE29"
				]
			}
		],
		"parses":[   {
      "name": "JSON",
      "type": 3,
      "url": "Demo"
    },
    {
      "name": "超嗅探",
      "type": 3,
      "url": "Web"
    },
    {
      "name": "解析1",
      "type": 1,
      "url": "http://119.91.123.253:2345/Api/yun.php?url="
    },
    {
      "name": "蚂蚁1",
      "type": 0,
      "url": "https://p.orangek.org/player/ec.php?code=qw&if=1&url=",
      "ext": {
        "flag": [
          "NBY"
        ],
        "header": {
          "User-Agent": "okhttp/4.1.0"
        }
      }
    },
    {
      "name": "蚂蚁2",
      "type": 0,
      "url": "http://103.233.255.142:1133/?url=",
      "ext": {
        "flag": [
          "NBY"
        ],
        "header": {
          "User-Agent": "okhttp/4.1.0"
        }
      }
    },
			{"name":"777","type":0,"url":"https://jx.777jiexi.com/player/?url="},
			{"name":"杰森","type":0,"url":"https://jx.jsonplayer.com/player/?url="}, 
			{"name":"战狼","type":0,"url":"https://jx.zhanlangbu.com/?url="},
			{"name":"ok","type":0,"url":"https://okjx.cc/?url="},
			{"name":"bozrc","type":0,"url":"https://jx.bozrc.com:4433/player/?url=","ext":{"flag":["qq","腾讯","qiyi","爱奇艺","奇艺","youku","优酷","mgtv","芒果","letv","leshi","LS","pptv","PPTV","sohu","bilibili","哔哩哔哩","哔哩"],"header":{"User-Agent":""}}},
			{"name":"不累","type":0,"url":"https://blbfq.f3322.net/player/analysis.php?v=","ext":{"flag":["qiyi","qq","letv","sohu","youku","mgtv","bilibili","wasu","xigua","1905"]}},
			{"name":"cod","type":0,"url":"https://ksksl.codjx.com/?url="},
			{"name":"byg解析","type":0,"url":"https://byg.ziqj5.shop/?url="},
			{"name":"xmflv","type":0,"url":"https://jx.xmflv.com/?url="},
			{"name":"365","type":0,"url":"https://chaxun.truechat365.com/?url=","ext":{"flag":["qq","腾讯","qiyi","iqiyi","爱奇艺","奇艺","youku","优酷","mgtv","芒果","letv","乐视","pptv","PPTV","sohu","bilibili","哔哩哔哩","哔哩"]}},
			{"name":"26db","type":0,"url":"http://vip.26db.cn/g/?url="},
			{"name":"看看","type":0,"url":"https://jx.m3u8.pw/?url="},
			{"name":"FreeOK","type":0,"url":"https://play.86516.tk/OKPlayer/?url="},
			{"name":"free","type":0,"url":"https://h5.freejson.xyz/player/?url="}
		],
		"flags":["youku","qq","iqiyi","qiyi","letv","sohu","tudou","pptv","mgtv","wasu"],
		"wallpaper": "https://深色壁纸.xxooo.cf/",
	        "logo": "./logo.gif",
		"disabled_wallpaper":"http://www.kf666888.cn/api/tvbox/img"
}
