{
  "spider": "https://gh-proxy.com/https://github.com/lemonguo121/BoxRes/raw/main/Myuse/lib/fm.jar",
  "wallpaper": "http://饭太硬.top/深色壁纸/api.php",
  "lives": [
    {
      "group": "redirect",
      "channels": [
        {
          "name": "live",
          "urls": [
            "proxy://do=live&type=txt&ext=aHR0cHM6Ly9yYXcuZ2l0aHVidXNlcmNvbnRlbnQuY29tL3N1cGVybWVndW8vQm94UmVzL21haW4vTXl1c2UvbGl2ZTE4LnR4dA=="
          ]
        }
      ]
    },
    {
      "name": "LIVE",
      "type": 0,
      "url": "https://gh-proxy.com/https://raw.githubusercontent.com/wwb521/live/refs/heads/main/tv.m3u",
      "playerType": 1,
      "epg": "http://epg.51zmt.top:8000/api/diyp/?ch={name}&date={date}",
      "logo": "https://live.fanmingming.com/tv/{name}.png"
    },
    {
      "name": "LIVE_fan",
      "type": 0,
      "url": "https://gh-proxy.com/https://raw.githubusercontent.com/wwb521/live/main/tv.m3u",
      "playerType": 1,
      "epg": "http://epg.51zmt.top:8000/api/diyp/?ch={name}&date={date}",
      "logo": "https://live.fanmingming.com/tv/{name}.png"
    },
    {
      "name": "LIVE_home",
      "type": 0,
      "url": "https://raw.githubusercontent.com/joevess/IPTV/refs/heads/main/home.m3u8",
      "playerType": 1,
      "epg": "http://epg.51zmt.top:8000/api/diyp/?ch={name}&date={date}",
      "logo": "https://live.fanmingming.com/tv/{name}.png"
    },
    {
      "name": "LIVE_Gather",
      "type": 0,
      "url": "https://raw.githubusercontent.com/YanG-1989/m3u/refs/heads/main/Gather.m3u",
      "playerType": 1,
      "epg": "http://epg.51zmt.top:8000/api/diyp/?ch={name}&date={date}",
      "logo": "https://live.fanmingming.com/tv/{name}.png"
    },
    {
      "name": "LIVEfl",
      "type": 0,
      "url": "https://gh-proxy.com/https://raw.githubusercontent.com/zeee-u/lzh06/main/fl.m3u",
      "playerType": 1,
      "epg": "http://epg.51zmt.top:8000/api/diyp/?ch={name}&date={date}",
      "logo": "https://live.fanmingming.com/tv/{name}.png"
    }
  ],
  "sites": [
    {
      "key": "csp_douban",
      "name": "🌕┃豆瓣┃推荐",
      "type": 3,
      "api": "csp_DouDou",
      "jar": "./lib/fty.jar",
      "searchable": 0,
      "quickSearch": 0,
      "filterable": 0
    },
    {
      "key": "苹果",
      "name": "🍎┃小苹果┃IJK",
      "type": 3,
      "api": "csp_LiteApple",
      "jar": "./lib/fty.jar",
      "searchable": 1,
      "quickSearch": 1,
      "changeable": 1
    },
    {
      "key": "量子资源",
      "name": "🥑量子资源",
      "type": 1,
      "api": "http://cj.lziapi.com/api.php/provide/vod/",
      "playUrl": "",
      "searchable": 1,
      "quickSearch": 1,
      "categories": [
        "国产剧",
        "国产动漫",
        "泰国剧",
        "台湾剧",
        "香港剧",
        "欧美剧",
        "韩国剧",
        "日本剧",
        "动漫",
        "体育",
        "剧情片",
        "动作片",
        "爱情片",
        "喜剧片",
        "伦理片"
      ]
    },
    {
      "key": "黑木耳(海外)",
      "name": "黑木耳(海外)",
      "type": 1,
      "api": "https://json.heimuer.xyz/api.php/provide/vod/",
      "playUrl": "",
      "searchable": 1,
      "quickSearch": 1,
      "categories": [
        "剧情片",
        "动作片",
        "冒险片",
        "同性片",
        "喜剧片",
        "奇幻片",
        "恐怖片",
        "动作片",
        "国产剧",
        "国产动漫",
        "欧美动漫",
        "日本动漫",
        "韩国动漫",
        "港台动漫",
        "其它动漫",
        "韩剧",
        "日剧",
        "悬疑片",
        "惊悚片",
        "灾难片",
        "爱情片",
        "犯罪片",
        "科幻片",
        "动画电影",
        "短剧",
        "泰剧",
        "台剧",
        "欧美剧",
        "新马剧",
        "其他剧",
        "战争片",
        "经典片",
        "网络电影",
        "其它片",
        "国产综艺",
        "港台综艺",
        "韩国综艺",
        "日本综艺",
        "欧美综艺",
        "港剧",
        "合集短剧",
        "虐恋短剧",
        "逆袭短剧",
        "悬疑短剧",
        "神豪短剧",
        "重生短剧",
        "复仇短剧",
        "穿越短剧",
        "甜宠短剧",
        "强者短剧",
        "萌宝短剧",
        "其它短剧",
        "逆袭短剧"
      ]
    },
    {
      "key": "黑木耳",
      "name": "黑木耳",
      "type": 1,
      "api": "https://json02.heimuer.xyz/api.php/provide/vod/",
      "playUrl": "",
      "searchable": 1,
      "quickSearch": 1,
      "categories": [
        "剧情片",
        "动作片",
        "冒险片",
        "同性片",
        "喜剧片",
        "奇幻片",
        "恐怖片",
        "动作片",
        "国产剧",
        "国产动漫",
        "欧美动漫",
        "日本动漫",
        "韩国动漫",
        "港台动漫",
        "其它动漫",
        "韩剧",
        "日剧",
        "悬疑片",
        "惊悚片",
        "灾难片",
        "爱情片",
        "犯罪片",
        "科幻片",
        "动画电影",
        "短剧",
        "泰剧",
        "台剧",
        "欧美剧",
        "新马剧",
        "其他剧",
        "战争片",
        "经典片",
        "网络电影",
        "其它片",
        "国产综艺",
        "港台综艺",
        "韩国综艺",
        "日本综艺",
        "欧美综艺",
        "港剧",
        "合集短剧",
        "虐恋短剧",
        "逆袭短剧",
        "悬疑短剧",
        "神豪短剧",
        "重生短剧",
        "复仇短剧",
        "穿越短剧",
        "甜宠短剧",
        "强者短剧",
        "萌宝短剧",
        "其它短剧",
        "逆袭短剧"
      ]
    },
    {
      "key": "旺旺资源",
      "name": "旺旺资源",
      "type": 1,
      "api": "https://api.wwzy.tv/api.php/provide/vod/?ac=list",
      "playUrl": "",
      "searchable": 1,
      "quickSearch": 1
    },
    {
      "key": "天涯资源",
      "name": "天涯资源",
      "type": 1,
      "api": "https://tyyszyapi.com/api.php/provide/vod/at/?ac=list",
      "playUrl": "",
      "searchable": 1,
      "quickSearch": 1
    },
    {
      "key": "电影天堂",
      "name": "电影天堂",
      "type": 0,
      "api": "http://caiji.dyttzyapi.com/api.php/provide/vod/at/xml/",
      "playUrl": "",
      "searchable": 1,
      "quickSearch": 1
    },
    {
      "key": "csp_xpath_saohuotv",
      "name": "骚火电影(XP)",
      "type": 3,
      "api": "csp_XPath",
      "searchable": 1,
      "quickSearch": 1,
      "filterable": 0,
      "ext": "./ext/saohuo.json"
    },
    {
      "key": "视频采集3",
      "name": "采集视频3",
      "type": 1,
      "api": "https://ikunzyapi.com/api.php/provide/vod",
      "searchable": 1,
      "filterable": 0,
      "categories": [
        "爽文短剧",
        "灾难片",
        "欧美剧",
        "韩剧",
        "日剧",
        "动作片",
        "喜剧片",
        "爱情片",
        "科幻片",
        "恐怖片",
        "剧情片",
        "战争片"
      ]
    },
    {
      "key": "最大资源",
      "name": "最大资源",
      "type": 0,
      "api": "https://zuida001.com/api.php/provide/vod/at/xml/",
      "searchable": 1,
      "filterable": 0,
      "categories": [
        "动作片",
        "喜剧片",
        "爱情片",
        "科幻片",
        "恐怖片",
        "剧情片",
        "战争片",
        "国产剧",
        "欧美剧",
        "韩剧",
        "日剧",
        "港剧",
        "台剧",
        "泰剧",
        "纪录片",
        "海外剧",
        "大陆综艺",
        "日韩综艺",
        "港台综艺",
        "欧美综艺",
        "国产动漫",
        "日韩动漫",
        "欧美动漫",
        "动画片",
        "港台动漫",
        "海外动漫",
        "演唱会",
        "体育赛事",
        "篮球",
        "足球",
        "预告片",
        "斯诺克",
        "影视解说",
        "爽文短剧",
        "伦理",
        "港台三级",
        "韩国伦理",
        "西方伦理",
        "日本伦理",
        "两性课堂",
        "写真热舞",
        "4K电影",
        "有声动漫",
        "女频恋爱",
        "反转爽剧",
        "古装仙侠",
        "年代穿越",
        "脑洞悬疑",
        "现代都市",
        "邵氏电影"
      ]
    },
    {
      "key": "csp_xpath_大师兄",
      "name": "大师兄(XPF)",
      "type": 3,
      "api": "csp_XPathFilter",
      "searchable": 1,
      "quickSearch": 1,
      "filterable": 1,
      "ext": "./ext/dashixong.json"
    },
    {
      "key": "csp_xpath_555",
      "name": "555影视",
      "type": 3,
      "api": "csp_XPathFilter",
      "searchable": 1,
      "quickSearch": 1,
      "filterable": 1,
      "ext": "./ext/555.json"
    },
    {
      "key": "csp_xpath_海兔",
      "name": "海兔",
      "type": 3,
      "api": "csp_XPathFilter",
      "searchable": 1,
      "quickSearch": 1,
      "filterable": 1,
      "ext": "./ext/haitu.json"
    },
    {
      "key": "csp_xpath_飞兔",
      "name": "🐰飞兔",
      "type": 3,
      "api": "csp_XPathFilter",
      "searchable": 1,
      "quickSearch": 1,
      "filterable": 1,
      "ext": "./ext/feitu.json"
    },
    {
      "key": "csp_xpath_飞兔成人",
      "name": "🐰飞兔成人",
      "type": 3,
      "api": "csp_XPathFilter",
      "searchable": 1,
      "quickSearch": 1,
      "filterable": 1,
      "ext": "./ext/feitucr.json"
    },
    {
      "key": "本地",
      "name": "本地存储",
      "type": 3,
      "api": "csp_Local",
      "searchable": 0,
      "changeable": 0
    },
    {
      "key": "IKUN资源",
      "name": "💥丨爱看2k丨微广",
      "type": 1,
      "api": "https://ikunzyapi.com/api.php/provide/vod/from/ikm3u8/",
      "categories": [
        "动作片",
        "喜剧片",
        "爱情片",
        "科幻片",
        "恐怖片",
        "剧情片",
        "战争片",
        "灾难片",
        "犯罪片",
        "悬疑片",
        "惊悚片",
        "奇幻片",
        "冒险片",
        "武侠片",
        "其它片",
        "国产剧",
        "港台剧",
        "日韩剧",
        "欧美剧",
        "香港剧",
        "台湾剧",
        "美国剧",
        "韩国剧",
        "日本剧",
        "泰国剧",
        "港澳剧",
        "日剧",
        "韩剧",
        "泰剧",
        "海外剧",
        "马泰剧",
        "中漫",
        "日漫",
        "动漫",
        "纪录片",
        "动画片",
        "动漫片",
        "国产动漫",
        "港台动漫",
        "日本动漫",
        "海外动漫",
        "日韩动漫",
        "欧美动漫",
        "动漫电影",
        "国内综艺",
        "港台综艺",
        "大陆综艺",
        "日韩综艺",
        "欧美综艺",
        "海外综艺",
        "电影解说"
      ],
      "searchable": 1,
      "quickSearch": 1
    },
    {
      "key": "光速资源",
      "name": "🎀光速┃采集",
      "type": 1,
      "api": "http://api.guangsuapi.com/api.php/provide/vod/",
      "searchable": 1,
      "changeable": 1,
      "categories": [
        "电影",
        "电视剧",
        "综艺",
        "动漫",
        "动作片",
        "喜剧片",
        "爱情片",
        "科幻片",
        "剧情片",
        "恐怖片",
        "战争片",
        "大陆剧",
        "欧美剧",
        "港澳剧",
        "韩剧",
        "动漫电影",
        "日剧",
        "台湾剧",
        "泰剧",
        "记录片",
        "伦理片",
        "体育赛事",
        "短剧"
      ]
    },
    {
      "key": "极速资源",
      "name": "🎀极速┃采集",
      "type": 1,
      "api": "https://jszyapi.com/api.php/provide/vod/",
      "searchable": 1,
      "changeable": 1,
      "categories": [
        "日剧",
        "马泰剧",
        "内地剧",
        "欧美剧",
        "香港剧",
        "韩剧",
        "台湾剧",
        "恐怖片",
        "动画片",
        "剧情片",
        "战争片",
        "动作片",
        "记录片",
        "爱情片",
        "喜剧片",
        "科幻片",
        "灾难片",
        "悬疑片",
        "犯罪片",
        "中国动漫",
        "日本动漫",
        "欧美动漫"
      ]
    },
    {
      "key": "红牛资源",
      "name": "🎀红牛┃采集",
      "type": 1,
      "api": "https://www.hongniuzy2.com/api.php/provide/vod/",
      "searchable": 1,
      "changeable": 1,
      "categories": [
        "动作片",
        "喜剧片",
        "爱情片",
        "科幻片",
        "恐怖片",
        "剧情片",
        "战争片",
        "国产剧",
        "港澳剧",
        "日剧",
        "欧美剧",
        "台湾剧",
        "泰剧",
        "韩剧",
        "纪录片",
        "动漫电影"
      ]
    },
    {
      "key": "7ced0073619101d397b5c86fc3578ed4",
      "name": "💥┃火狐2K┃有广",
      "type": 1,
      "api": "https://hhzyapi.com/api.php/provide/vod/"
    },
    {
      "key": "drpy_js_荐片",
      "name": "影视 | 荐片[js]",
      "type": 3,
      "api": "./ext/drpy2.min.js",
      "searchable": 1,
      "quickSearch": 1,
      "changeable": 1,
      "ext": "./ext/荐片.js",
      "timeout": 30
    },
    {
      "key": "csp_短剧网",
      "name": "短剧网",
      "type": 3,
      "api": "csp_Duanjuw",
      "jar": "./lib/xyq.jar",
      "searchable": 1,
      "quickSearch": 1,
      "filterable": 1
    },
    {
      "key": "陌陌",
      "name": "🧡短剧2",
      "type": 3,
      "api": "csp_AppYsV2",
      "jar": "./lib/dj0.jar",
      "searchable": 1,
      "quickSearch": 1,
      "filterable": 1,
      "ext": "https://www.kuin.one/api.php/app/"
    },
    {
      "key": "Bili",
      "name": "🅱哔哔┃合集",
      "type": 3,
      "api": "csp_Bili",
      "jar": "./lib/guodaxia.jar",
      "style": {
        "type": "rect",
        "ratio": 1.597
      },
      "searchable": 1,
      "quickSearch": 0,
      "changeable": 0,
      "ext": "./ext/bilibili.json"
    },
    {
      "key": "Biliych",
      "name": "🅱哔哔┃歌曲",
      "type": 3,
      "jar": "./lib/guodaxia.jar",
      "api": "csp_Bili",
      "style": {
        "type": "rect",
        "ratio": 1.597
      },
      "searchable": 1,
      "quickSearch": 0,
      "changeable": 0,
      "ext": "./ext/biliych.json"
    },
    {
      "key": "csp_KungFu404",
      "name": "阿里｜设置token",
      "type": 3,
      "api": "csp_KungFu404",
      "searchable": 1,
      "filterable": 0,
      "changeable": 0,
      "ext": "http://127.0.0.1:9978/file/tvfan/token.txt",
      "jar": "./lib/alisz.jar"
    },
    {
      "key": "配置中心",
      "name": "阿里｜配置中心",
      "type": 3,
      "api": "csp_Config",
      "jar": "./lib/mypg.jar",
      "searchable": 0,
      "changeable": 0,
      "style": {
        "type": "rect",
        "ratio": 1
      },
      "ext": "./lib/PG推送.json"
    },
    {
      "key": "PanSou",
      "name": "🦊盘搜┃搜索",
      "type": 3,
      "api": "csp_PanSou",
      "searchable": 1,
      "quickSearch": 1,
      "changeable": 0,
      "ext": "http://127.0.0.1:9978/file/tvfan/token.txt+4k|auto|fhd"
    },
    {
      "key": "UpYun",
      "name": "😻Up搜┃搜索",
      "type": 3,
      "api": "csp_UpYun",
      "searchable": 1,
      "quickSearch": 1,
      "changeable": 0,
      "ext": "http://127.0.0.1:9978/file/tvfan/token.txt+4k|auto|fhd"
    },
    {
      "key": "PanSearch",
      "name": "🙀盘Se┃搜索",
      "type": 3,
      "api": "csp_PanSearch",
      "searchable": 1,
      "quickSearch": 1,
      "changeable": 0,
      "ext": "http://127.0.0.1:9978/file/tvfan/token.txt+4k|auto|fhd"
    },
    {
      "key": "*色猫资源",
      "name": "*色猫资源",
      "type": 1,
      "api": "https://api.maozyapi.com/inc/apijson_vod.php",
      "searchable": 1,
      "quickSearch": 0
    },
    {
      "key": "*色南国资源",
      "name": "*色南国资源",
      "type": 1,
      "api": "https://api.sexnguon.com/api.php/provide/vod/",
      "searchable": 1,
      "quickSearch": 0
    },
    {
      "key": "*抖阴视频",
      "name": "*抖阴视频",
      "type": 1,
      "api": "https://www.888dav.com/api.php/provide/vod/",
      "searchable": 1,
      "quickSearch": 0
    },
    {
      "key": "*麻豆视频2",
      "name": "*麻豆视频2",
      "type": 1,
      "api": "https://madouse.la/api.php/provide/vod/",
      "searchable": 1,
      "quickSearch": 0
    },
    {
      "key": "*蛋蛋视频",
      "name": "*蛋蛋视频",
      "type": 1,
      "api": "https://156.249.29.8/inc/apijson_vod.php",
      "searchable": 1,
      "quickSearch": 0
    },
    {
      "key": "*91麻豆",
      "name": "*91麻豆",
      "type": 1,
      "api": "https://91md.me/api.php/provide/vod/",
      "searchable": 1,
      "quickSearch": 0
    },
    {
      "key": "(18+)环亚资源",
      "name": "(18+不错)环亚资源",
      "type": 0,
      "api": "http://wmcj8.com/inc/sapi.php?ac=videolist",
      "searchable": 1,
      "quickSearch": 1,
      "filterable": 0
    },
    {
      "key": "ms4nii",
      "name": "美少女资源(已修复)",
      "type": 0,
      "api": "https://www.msnii.com/api/xml.php",
      "searchable": 1,
      "quickSearch": 1,
      "filterable": 1
    },
    {
      "key": "KxrbspE",
      "name": "淫水机资源(已修复)",
      "type": 0,
      "api": "https://www.xrbsp.com/api/xml.php",
      "searchable": 1,
      "quickSearch": 1,
      "filterable": 1
    },
    {
      "key": "gdlsE",
      "name": "香奶儿资源(已修复)",
      "type": 0,
      "api": "https://www.gdlsp.com/api/xml.php",
      "searchable": 1,
      "quickSearch": 1,
      "filterable": 1
    },
    {
      "key": "kxgav",
      "name": "白嫖资源(已修复)",
      "type": 0,
      "api": "https://www.kxgav.com/api/xml.php",
      "searchable": 1,
      "quickSearch": 1,
      "filterable": 1
    },
    {
      "key": "zp066",
      "name": "🔞花椒资源",
      "type": 0,
      "api": "https://api.apilyzy.com/api.php/provide/vod/at/xml/",
      "searchable": 1,
      "quickSearch": 1,
      "filterable": 0
    },
    {
      "key": "*乐播资源",
      "name": "🔞乐播资源",
      "type": 1,
      "api": "https://lbapi9.com/api.php/provide/vod/",
      "searchable": 1,
      "quickSearch": 0,
      "filterable": 0
    },
    {
      "key": "zp100",
      "name": "🔞乐播",
      "type": 0,
      "api": "https://lbapi9.com/api.php/provide/vod/at/xml/",
      "searchable": 1,
      "quickSearch": 1,
      "filterable": 0
    },
    {
      "key": "💞探探资源💞",
      "name": "💞探探资源💞",
      "type": 1,
      "api": "https://apittzy.com/api.php/provide/vod/",
      "searchable": 0,
      "quickSearch": 0
    },
    {
      "key": "*AIvin",
      "name": "AIvin",
      "type": 0,
      "api": "http://lbapiby.com/api.php/provide/vod/at/xml"
    },
    {
      "key": "kkzy.me",
      "name": "成人51",
      "type": 1,
      "api": "https://kkzy.me/api.php/provide/vod/",
      "quickSearch": 1,
      "searchable": 1,
      "filterable": 1
    },
    {
      "key": "(18+)JAV名优",
      "name": "(18+)JAV名优",
      "type": 0,
      "api": "http://mygzycj.com/api.php?ac=list",
      "searchable": 1,
      "quickSearch": 1,
      "filterable": 0
    },
    {
      "key": "afasu",
      "name": "小湿妹资源(已修复)",
      "type": 0,
      "api": "https://www.afasu.com/api/xml.php",
      "searchable": 1,
      "quickSearch": 1,
      "filterable": 1
    },
    {
      "key": "KpgxdyE",
      "name": "黄AV资源(已修复)",
      "type": 0,
      "api": "https://www.pgxdy.com/api/xml.php",
      "searchable": 1,
      "quickSearch": 1,
      "filterable": 1
    },
    {
      "key": "ap4i156dlyE",
      "name": "奶茶资源(已修复)",
      "type": 0,
      "api": "https://caiji.naichaapi.com/inc/api.php",
      "searchable": 1,
      "quickSearch": 1,
      "filterable": 1
    },
    {
      "key": "api.apilyzy.com",
      "name": "成人71",
      "type": 1,
      "api": "https://api.apilyzy.com/api.php/provide/vod/",
      "quickSearch": 1,
      "searchable": 1,
      "filterable": 1
    },
    {
      "key": "大地采集",
      "name": "🔞大地av",
      "type": 0,
      "api": "https://dadiapi.com/apple_m3u8.php",
      "playUrl": "https://play.dadiapi.com/watch?url=",
      "searchable": 1,
      "quickSearch": 1,
      "filterable": 0
    },
    {
      "key": "pgxdy",
      "name": "🔞PGX电影",
      "type": 0,
      "api": "https://www.pgxdy.com/api/xml.php",
      "searchable": 1,
      "quickSearch": 1,
      "filterable": 1
    },
    {
      "key": "zp128",
      "name": "🔞鲨鱼影视",
      "type": 0,
      "api": "https://shayuapi.com/api.php/Seacms/vod/at/xml/",
      "searchable": 1,
      "quickSearch": 1,
      "filterable": 0
    },
    {
      "key": "*易看资源",
      "name": "🔞易看资源",
      "type": 1,
      "api": "https://api.yikanapi.com/api.php/provide/vod/",
      "searchable": 0,
      "quickSearch": 0,
      "filterable": 0
    },
    {
      "key": "*番号资源",
      "name": "🔞番号资源",
      "type": 1,
      "api": "http://fhapi9.com/api.php/provide/vod/",
      "searchable": 0,
      "quickSearch": 0,
      "filterable": 0
    },
    {
      "key": "xrbsp.com",
      "name": "成人66",
      "type": 0,
      "api": "https://www.xrbsp.com/api/xml.php",
      "quickSearch": 1,
      "searchable": 1,
      "filterable": 1
    },
    {
      "key": "push_agent",
      "name": "🛴┃手机┃推送",
      "type": 3,
      "api": "csp_Push",
      "searchable": 0,
      "quickSearch": 0,
      "ext": "http://127.0.0.1:9978/file/tvbox/token.txt+4k|auto|fhd"
    },
    {
      "key": "push_agent",
      "name": "推送",
      "type": 3,
      "api": "csp_Push",
      "searchable": 1,
      "changeable": 0
    }
  ],
  "doh": [
    {
      "name": "Google",
      "url": "https://dns.google/dns-query",
      "ips": [
        "8.8.4.4",
        "8.8.8.8"
      ]
    },
    {
      "name": "Cloudflare",
      "url": "https://cloudflare-dns.com/dns-query",
      "ips": [
        "1.1.1.1",
        "1.0.0.1",
        "2606:4700:4700::1111",
        "2606:4700:4700::1001"
      ]
    },
    {
      "name": "AdGuard",
      "url": "https://dns.adguard.com/dns-query",
      "ips": [
        "94.140.14.140",
        "94.140.14.141"
      ]
    },
    {
      "name": "DNSWatch",
      "url": "https://resolver2.dns.watch/dns-query",
      "ips": [
        "84.200.69.80",
        "84.200.70.40"
      ]
    },
    {
      "name": "Quad9",
      "url": "https://dns.quad9.net/dns-quer",
      "ips": [
        "9.9.9.9",
        "149.112.112.112"
      ]
    }
  ],
  "rules": [
    {
      "name": "proxy",
      "hosts": [
        "raw.githubusercontent.com",
        "googlevideo.com",
        "cdn.v82u1l.com",
        "cdn.iz8qkg.com",
        "cdn.kin6c1.com",
        "c.biggggg.com",
        "c.olddddd.com",
        "haiwaikan.com",
        "www.histar.tv",
        "youtube.com",
        "uhibo.com",
        ".*boku.*",
        ".*nivod.*",
        ".*ulivetv.*"
      ]
    },
    {
      "name": "海外看",
      "hosts": [
        "haiwaikan"
      ],
      "regex": [
        "10.0099",
        "10.3333",
        "16.0599",
        "8.1748",
        "12.33",
        "10.85"
      ]
    },
    {
      "name": "索尼",
      "hosts": [
        "suonizy"
      ],
      "regex": [
        "15.1666",
        "15.2666"
      ]
    },
    {
      "name": "暴風",
      "hosts": [
        "bfzy"
      ],
      "regex": [
        "#EXT-X-DISCONTINUITY\\r*\\n*#EXTINF:3,[\\s\\S]*?#EXT-X-DISCONTINUITY"
      ]
    },
    {
      "name": "星星",
      "hosts": [
        "aws.ulivetv.net"
      ],
      "regex": [
        "#EXT-X-DISCONTINUITY\\r*\\n*#EXTINF:8,[\\s\\S]*?#EXT-X-DISCONTINUITY"
      ]
    },
    {
      "name": "量子",
      "hosts": [
        "vip.lz",
        "hd.lz",
        "v.cdnlz"
      ],
      "regex": [
        "18.5333"
      ]
    },
    {
      "name": "非凡",
      "hosts": [
        "vip.ffzy",
        "hd.ffzy"
      ],
      "regex": [
        "25.0666",
        "25.08"
      ]
    },
    {
      "name": "火山嗅探",
      "hosts": [
        "huoshan.com"
      ],
      "regex": [
        "item_id="
      ]
    },
    {
      "name": "抖音嗅探",
      "hosts": [
        "douyin.com"
      ],
      "regex": [
        "is_play_url="
      ]
    },
    {
      "name": "農民嗅探",
      "hosts": [
        "toutiaovod.com"
      ],
      "regex": [
        "video/tos/cn"
      ]
    },
    {
      "name": "點擊",
      "hosts": [
        "yeslivetv.com"
      ],
      "script": [
        "document.getElementsByClassName(\"vjs-big-play-button\")[0].click()"
      ]
    }
  ],
  "parses": [
  ],
  "flags": [
    "youku",
    "qq",
    "iqiyi",
    "qiyi",
    "letv",
    "sohu",
    "tudou",
    "pptv",
    "mgtv",
    "wasu",
    "bilibili",
    "renrenmi"
  ],
  "ijk": [
    {
      "group": "软解码",
      "options": [
        {
          "category": 4,
          "name": "opensles",
          "value": "0"
        },
        {
          "category": 4,
          "name": "overlay-format",
          "value": "842225234"
        },
        {
          "category": 4,
          "name": "framedrop",
          "value": "1"
        },
        {
          "category": 4,
          "name": "soundtouch",
          "value": "1"
        },
        {
          "category": 4,
          "name": "start-on-prepared",
          "value": "1"
        },
        {
          "category": 1,
          "name": "http-detect-range-support",
          "value": "0"
        },
        {
          "category": 1,
          "name": "fflags",
          "value": "fastseek"
        },
        {
          "category": 2,
          "name": "skip_loop_filter",
          "value": "48"
        },
        {
          "category": 4,
          "name": "reconnect",
          "value": "1"
        },
        {
          "category": 4,
          "name": "enable-accurate-seek",
          "value": "0"
        },
        {
          "category": 4,
          "name": "mediacodec",
          "value": "0"
        },
        {
          "category": 4,
          "name": "mediacodec-auto-rotate",
          "value": "0"
        },
        {
          "category": 4,
          "name": "mediacodec-handle-resolution-change",
          "value": "0"
        },
        {
          "category": 4,
          "name": "mediacodec-hevc",
          "value": "0"
        },
        {
          "category": 1,
          "name": "dns_cache_timeout",
          "value": "600000000"
        }
      ]
    },
    {
      "group": "硬解码",
      "options": [
        {
          "category": 4,
          "name": "opensles",
          "value": "0"
        },
        {
          "category": 4,
          "name": "overlay-format",
          "value": "842225234"
        },
        {
          "category": 4,
          "name": "framedrop",
          "value": "1"
        },
        {
          "category": 4,
          "name": "soundtouch",
          "value": "1"
        },
        {
          "category": 4,
          "name": "start-on-prepared",
          "value": "1"
        },
        {
          "category": 1,
          "name": "http-detect-range-support",
          "value": "0"
        },
        {
          "category": 1,
          "name": "fflags",
          "value": "fastseek"
        },
        {
          "category": 2,
          "name": "skip_loop_filter",
          "value": "48"
        },
        {
          "category": 4,
          "name": "reconnect",
          "value": "1"
        },
        {
          "category": 4,
          "name": "enable-accurate-seek",
          "value": "0"
        },
        {
          "category": 4,
          "name": "mediacodec",
          "value": "1"
        },
        {
          "category": 4,
          "name": "mediacodec-auto-rotate",
          "value": "1"
        },
        {
          "category": 4,
          "name": "mediacodec-handle-resolution-change",
          "value": "1"
        },
        {
          "category": 4,
          "name": "mediacodec-handle-resolution-change",
          "value": "1"
        },
        {
          "category": 4,
          "name": "mediacodec-hevc",
          "value": "1"
        },
        {
          "category": 1,
          "name": "dns_cache_timeout",
          "value": "600000000"
        }
      ]
    }
  ],
  "ads": [
    "mimg.0c1q0l.cn",
    "www.googletagmanager.com",
    "www.google-analytics.com",
    "mc.usihnbcq.cn",
    "mg.g1mm3d.cn",
    "mscs.svaeuzh.cn",
    "cnzz.hhttm.top",
    "tp.vinuxhome.com",
    "cnzz.mmstat.com",
    "www.baihuillq.com",
    "s23.cnzz.com",
    "z3.cnzz.com",
    "c.cnzz.com",
    "stj.v1vo.top",
    "z12.cnzz.com",
    "img.mosflower.cn",
    "tips.gamevvip.com",
    "ehwe.yhdtns.com",
    "xdn.cqqc3.com",
    "www.jixunkyy.cn",
    "sp.chemacid.cn",
    "hm.baidu.com",
    "s9.cnzz.com",
    "z6.cnzz.com",
    "um.cavuc.com",
    "mav.mavuz.com",
    "wofwk.aoidf3.com",
    "z5.cnzz.com",
    "xc.hubeijieshikj.cn",
    "tj.tianwenhu.com",
    "xg.gars57.cn",
    "k.jinxiuzhilv.com",
    "cdn.bootcss.com",
    "ppl.xunzhuo123.com",
    "xomk.jiangjunmh.top",
    "img.xunzhuo123.com",
    "z1.cnzz.com",
    "s13.cnzz.com",
    "xg.huataisangao.cn",
    "z7.cnzz.com",
    "xg.huataisangao.cn",
    "z2.cnzz.com",
    "s96.cnzz.com",
    "q11.cnzz.com",
    "thy.dacedsfa.cn",
    "xg.whsbpw.cn",
    "s19.cnzz.com",
    "z8.cnzz.com",
    "s4.cnzz.com",
    "f5w.as12df.top",
    "ae01.alicdn.com",
    "www.92424.cn",
    "k.wudejia.com",
    "vivovip.mmszxc.top",
    "qiu.xixiqiu.com",
    "cdnjs.hnfenxun.com",
    "cms.qdwght.com"
  ]
}

